metric,median,q1,q3,min,max,upper_bound,lower_bound,MY_LOWER,MY_UPPER,species
N50,157514.0,113285.0,233335.0,20315.0,820955.0,609839.25,36105.0,36105.0,609839.25,Streptococcus_agalactiae
number,35.0,27.0,47.0,12.0,232.0,134.0,17.0,17.0,134.0,Streptococcus_agalactiae
longest,371129.0,261415.5,548227.5,63022.0,1041145.0,844977.5,94128.5,94128.5,844977.5,Streptococcus_agalactiae
GC_Content,0.353072,0.352332,0.353713,0.348552,0.361046,0.35619375,0.3505582499999999,0.3506,0.3602,Streptococcus_agalactiae
Completeness_Specific,100.0,100.0,100.0,99.98,100.0,100.0,99.99,95.59,100.0,Streptococcus_agalactiae
Contamination,0.11,0.07,0.16,0.0,1.16,0.48,0.03,0.03,2.17,Streptococcus_agalactiae
Total_Coding_Sequences,2050.0,2011.0,2101.0,1841.0,2392.0,2283.0,1903.0,1903.0,2398.0,Streptococcus_agalactiae
Genome_Size,2073061.0,2039245.5,2119447.5,1907405.0,2349986.0,2261601.5,1952753.25,1951859.0,2378065.0,Streptococcus_agalactiae
N50,42385.0,39207.0,59785.25,22229.0,133709.0,124200.975,24311.55,24311.55,124200.98,Streptococcus_equi
number,128.0,89.0,146.0,39.0,219.0,205.0,47.0,47.0,205.0,Streptococcus_equi
longest,136809.0,104722.0,180294.75,52005.0,427361.0,380935.725,65264.5,65264.5,380935.72,Streptococcus_equi
GC_Content,0.413192,0.412039,0.41506275,0.4094879999999999,0.418478,0.41790865,0.409499,0.4095,0.4186,Streptococcus_equi
Completeness_Specific,100.0,99.99,100.0,99.98,100.0,100.0,99.99,97.08,100.0,Streptococcus_equi
Contamination,0.3,0.28,0.4,0.03,1.37,0.9182500000000005,0.05,0.05,1.72,Streptococcus_equi
Total_Coding_Sequences,2054.0,1996.0,2114.0,1813.0,2253.0,2200.825,1836.0,1836.0,2233.0,Streptococcus_equi
Genome_Size,2118491.5,2079339.25,2138099.5,1968483.0,2284480.0,2201396.875,1980300.475,1980300.48,2284597.0,Streptococcus_equi
N50,190584.0,148050.5,243386.0,25210.0,657666.0,638021.0,48078.91,48078.91,638021.0,Legionella_pneumophila
number,69.0,54.0,86.0,19.0,301.0,226.9699999999948,20.0,20.0,226.97,Legionella_pneumophila
longest,430107.0,341730.0,542699.0,90183.0,1228584.0,1132601.0,140702.58000000002,140702.58,1132601.0,Legionella_pneumophila
GC_Content,0.382584,0.382365,0.382896,0.380412,0.385124,0.38393727,0.38121833,0.3812,0.3848,Legionella_pneumophila
Completeness_Specific,100.0,100.0,100.0,99.98,100.0,100.0,99.99,95.32,100.0,Legionella_pneumophila
Contamination,0.26,0.14,0.33,0.01,8.16,0.9326999999999952,0.04,0.04,2.38,Legionella_pneumophila
Total_Coding_Sequences,3153.0,3064.0,3257.0,2800.0,3610.0,3451.0,2878.0,2878.0,3451.0,Legionella_pneumophila
Genome_Size,3485256.0,3396829.0,3586685.0,3181576.0,3919823.0,3776490.109999998,3226277.84,3226277.84,3776490.11,Legionella_pneumophila
N50,132212.0,95863.0,169179.0,22624.0,470715.0,364121.2599999995,32142.08,32142.08,364121.26,Staphylococcus_pseudintermedius
number,76.0,64.0,96.0,25.0,276.0,214.0,37.0,37.0,214.0,Staphylococcus_pseudintermedius
longest,332373.0,240542.0,428786.0,68582.0,905636.0,735370.9399999995,92306.62,92306.62,735370.94,Staphylococcus_pseudintermedius
GC_Content,0.3750679999999999,0.3738539999999999,0.376046,0.3710969999999999,0.378959,0.37803724,0.371868,0.3719,0.378,Staphylococcus_pseudintermedius
Completeness_Specific,99.98,99.98,99.99,99.78,100.0,100.0,99.91,91.08,100.0,Staphylococcus_pseudintermedius
Contamination,0.01,0.0,0.04,0.0,0.82,0.6273999999999978,0.0,0.0,4.97,Staphylococcus_pseudintermedius
Total_Coding_Sequences,2447.0,2376.0,2541.0,2221.0,2790.0,2735.22,2256.26,2256.26,2875.0,Staphylococcus_pseudintermedius
Genome_Size,2583405.0,2530216.0,2659854.0,2380864.0,2837332.0,2790323.34,2440099.22,2440099.22,2895060.0,Staphylococcus_pseudintermedius
N50,26969.0,26593.75,27609.0,17662.0,39281.0,38285.0,19827.575,19827.58,38285.0,Francisella_tularensis
number,107.0,104.0,111.0,62.0,265.0,173.6750000000003,69.0,69.0,173.68,Francisella_tularensis
longest,87682.0,87680.0,88031.0,45231.0,149042.0,148609.12500000012,53544.85,53544.85,148609.13,Francisella_tularensis
GC_Content,0.32181,0.32169425,0.322186,0.321576,0.323822,0.32352035,0.321590275,0.3215,0.3254,Francisella_tularensis
Completeness_Specific,100.0,100.0,100.0,99.95,100.0,100.0,99.98,92.53,100.0,Francisella_tularensis
Contamination,0.54,0.49,0.56,0.29,1.51,1.0497500000000002,0.46,0.08,3.77,Francisella_tularensis
Total_Coding_Sequences,1945.0,1939.0,1998.0,1889.0,2100.0,2029.975,1897.05,1813.0,2043.0,Francisella_tularensis
Genome_Size,1790015.0,1786736.0,1793086.0,1757717.0,1831493.0,1813799.2,1764800.625,1764800.62,2047033.0,Francisella_tularensis
N50,927138.0,542943.5,1046726.5,15130.0,2294043.0,2231991.05,23727.93,23727.93,2231991.05,Bacillus_subtilis
number,33.0,26.0,42.0,16.0,617.0,460.4199999999996,18.0,18.0,460.42,Bacillus_subtilis
longest,1066451.0,999432.5,2044910.5,60165.0,2294043.0,2231991.05,105888.84,105888.84,2231991.05,Bacillus_subtilis
GC_Content,0.4343269999999999,0.432768,0.437214,0.42911,0.440264,0.4385422,0.43058541,0.4288,0.441,Bacillus_subtilis
Completeness_Specific,100.0,100.0,100.0,99.71,100.0,100.0,99.9893,90.47,100.0,Bacillus_subtilis
Contamination,0.09,0.04,0.475,0.0,2.4,1.7906999999999993,0.0,0.0,11.97,Bacillus_subtilis
Total_Coding_Sequences,4223.0,4012.0,4315.0,3807.0,4669.0,4569.139999999999,3810.0,3810.0,4985.0,Bacillus_subtilis
Genome_Size,4162338.0,3990843.0,4246579.5,3829812.0,4403519.0,4326288.64,3831245.49,3684279.0,4586412.0,Bacillus_subtilis
N50,486186.0,175645.25,716214.5,1025.0,1048938.0,1048728.0,2262.875,2262.88,1048728.0,Chlamydia_trachomatis
number,37.0,19.0,85.25,2.0,1104.0,706.7000000000025,2.0,2.0,706.7,Chlamydia_trachomatis
longest,562063.5,368702.25,716214.5,6885.0,1048938.0,1048728.0,9578.0,9578.0,1048728.0,Chlamydia_trachomatis
GC_Content,0.4131365,0.41255975,0.4145064999999999,0.40962,0.425691,0.421370075,0.411204225,0.4112,0.4214,Chlamydia_trachomatis
Completeness_Specific,99.83,99.76,99.87,58.03,99.96,99.93525,76.8575,76.86,99.94,Chlamydia_trachomatis
Contamination,0.105,0.09,0.14,0.05,3.6,2.905750000000003,0.05475,0.05,7.15,Chlamydia_trachomatis
Total_Coding_Sequences,948.0,928.0,987.0,901.0,1597.0,1368.6000000000022,904.0,904.0,1368.6,Chlamydia_trachomatis
Genome_Size,1078271.5,1058147.75,1105614.5,833098.0,1363332.0,1274317.0000000002,910369.7,910369.7,1274317.0,Chlamydia_trachomatis
N50,91941.0,66231.75,125592.0,9926.0,314062.0,269647.4949999998,14770.88,14770.88,269647.49,Mycobacterium_avium
number,156.0,121.0,207.0,47.0,969.0,615.7849999999999,73.0,73.0,615.78,Mycobacterium_avium
longest,252771.5,195857.25,368062.0,43464.0,1172244.0,760789.0199999996,86119.66,86119.66,760789.02,Mycobacterium_avium
GC_Content,0.692898,0.69033625,0.693281,0.6818890000000001,0.694267,0.694046,0.6855150099999999,0.6855,0.694,Mycobacterium_avium
Completeness_Specific,100.0,100.0,100.0,99.86,100.0,100.0,99.99,93.86,100.0,Mycobacterium_avium
Contamination,0.05,0.03,0.12,0.0,3.9,2.2178499999999985,0.0,0.0,6.74,Mycobacterium_avium
Total_Coding_Sequences,4702.0,4572.0,4994.25,4491.0,5763.0,5651.57,4527.0,4527.0,5651.57,Mycobacterium_avium
Genome_Size,4885779.5,4786434.5,5285588.25,4682951.0,6002820.0,5899412.475,4734387.47,4734387.47,5899412.48,Mycobacterium_avium
N50,62542.0,49655.75,77048.5,19971.0,85236.0,84597.0,21844.4,21844.4,84597.0,Paenibacillus_larvae
number,289.0,246.0,353.75,172.0,852.0,795.7500000000009,179.0,179.0,795.75,Paenibacillus_larvae
longest,195600.5,163163.5,213857.0,82638.0,320416.0,239405.4,95383.55,95383.55,239405.4,Paenibacillus_larvae
GC_Content,0.4406145,0.4403089999999999,0.441073,0.437681,0.448692,0.4481592,0.4394807999999999,0.4378,0.4501,Paenibacillus_larvae
Completeness_Specific,99.98,99.97,99.99,99.88,100.0,100.0,99.92,85.67,100.0,Paenibacillus_larvae
Contamination,1.35,0.95,1.64,0.57,4.07,3.057750000000001,0.61225,0.14,3.06,Paenibacillus_larvae
Total_Coding_Sequences,4492.0,4315.0,4632.75,3793.0,4960.0,4905.775,3803.0,3803.0,5275.0,Paenibacillus_larvae
Genome_Size,4177165.0,4055116.5,4253191.5,3662128.0,4468789.0,4438347.875,3681623.85,3681623.85,4794868.0,Paenibacillus_larvae
N50,187972.0,138834.0,249365.0,50378.0,802971.0,696323.0399999999,60678.48,60678.48,696323.04,Enterobacter_kobei
number,109.0,82.0,141.0,30.0,346.0,328.4799999999999,33.84,33.84,328.48,Enterobacter_kobei
longest,526309.0,377760.0,699780.0,169276.0,1680644.0,1495229.719999999,200032.44,200032.44,1495229.72,Enterobacter_kobei
GC_Content,0.547914,0.544851,0.54896,0.539741,0.552959,0.55167048,0.54191612,0.5404,0.5544,Enterobacter_kobei
Completeness_Specific,100.0,100.0,100.0,100.0,100.0,100.0,100.0,94.44,100.0,Enterobacter_kobei
Contamination,0.21,0.14,0.33,0.02,1.26,1.2215999999999996,0.03,0.03,2.05,Enterobacter_kobei
Total_Coding_Sequences,4808.0,4626.0,5013.0,4222.0,5655.0,5632.12,4254.84,4254.84,5698.0,Enterobacter_kobei
Genome_Size,5034836.0,4902876.0,5212515.0,4586627.0,5638917.0,5629980.52,4613286.16,4613286.16,5769554.0,Enterobacter_kobei
N50,347970.0,244065.0,410061.0,93526.0,500310.0,478767.36,134537.72,134537.72,478767.36,Moraxella_catarrhalis
number,22.0,16.0,29.0,6.0,104.0,66.36000000000013,8.0,8.0,66.36,Moraxella_catarrhalis
longest,480511.0,452632.0,664084.0,204105.0,909593.0,837659.8000000013,285866.68,285866.68,837659.8,Moraxella_catarrhalis
GC_Content,0.415162,0.4145859999999999,0.416129,0.411621,0.419397,0.41734796,0.41226508,0.4123,0.4175,Moraxella_catarrhalis
Completeness_Specific,100.0,100.0,100.0,99.97,100.0,100.0,99.99,98.18,100.0,Moraxella_catarrhalis
Contamination,0.0,0.0,0.01,0.0,0.35,0.23,0.0,0.0,0.44,Moraxella_catarrhalis
Total_Coding_Sequences,1765.0,1723.0,1804.0,1631.0,1990.0,1956.36,1643.0,1643.0,1956.36,Moraxella_catarrhalis
Genome_Size,1908212.0,1881158.0,1948744.0,1811409.0,2093832.0,2067070.76,1820407.68,1820407.68,2067070.76,Moraxella_catarrhalis
N50,76443.0,54143.5,113104.0,12996.0,278911.0,222848.0,20374.88,20374.88,222848.0,Streptococcus_suis
number,83.0,56.0,125.0,22.0,336.0,281.02000000000044,30.0,30.0,281.02,Streptococcus_suis
longest,199080.0,150020.0,294887.5,39810.0,628686.0,479416.51000000094,64915.61,64915.61,479416.51,Streptococcus_suis
GC_Content,0.411583,0.410606,0.4128949999999999,0.3904979999999999,0.438955,0.4366625,0.39297009,0.393,0.4368,Streptococcus_suis
Completeness_Specific,100.0,100.0,100.0,99.9,100.0,100.0,99.97,93.2,100.0,Streptococcus_suis
Contamination,0.03,0.02,0.07,0.0,1.13,0.5351000000000022,0.0,0.0,4.48,Streptococcus_suis
Total_Coding_Sequences,2102.0,2012.0,2207.0,1809.0,2693.0,2559.0,1859.0,1859.0,2643.0,Streptococcus_suis
Genome_Size,2137256.0,2066635.0,2229215.0,1826324.0,2678468.0,2524579.27,1896992.96,1896992.96,2626999.0,Streptococcus_suis
N50,216932.0,124778.25,353341.75,20594.0,607780.0,574698.735,26027.005,26027.0,574698.74,Pasteurella_multocida
number,36.0,27.0,57.0,14.0,198.0,171.7349999999999,16.0,16.0,171.73,Pasteurella_multocida
longest,523077.0,326813.0,596807.0,76685.0,792317.0,764185.5449999997,88404.855,88404.86,764185.54,Pasteurella_multocida
GC_Content,0.403053,0.40256925,0.40352675,0.401223,0.4065,0.40533604,0.401305975,0.4009,0.4087,Pasteurella_multocida
Completeness_Specific,100.0,100.0,100.0,99.99,100.0,100.0,100.0,90.01,100.0,Pasteurella_multocida
Contamination,0.16,0.14,0.18,0.05,0.43,0.327349999999999,0.07265,0.05,2.06,Pasteurella_multocida
Total_Coding_Sequences,2119.0,2079.0,2183.0,2011.0,2492.0,2445.47,2014.265,2014.26,2877.0,Pasteurella_multocida
Genome_Size,2282219.5,2254207.25,2323164.75,2187095.0,2528949.0,2494689.284999999,2194845.54,2126408.0,2783224.0,Pasteurella_multocida
N50,344761.0,182751.0,706519.0,10088.0,1382104.0,1198333.11,14105.4,14105.4,1198333.11,Bacillus_anthracis
number,62.0,49.0,94.0,28.0,924.0,748.1050000000002,30.655,30.66,748.11,Bacillus_anthracis
longest,1031943.0,587256.0,1635366.0,58403.0,2068938.0,1772426.525,85446.705,85446.7,1772426.52,Bacillus_anthracis
GC_Content,0.351177,0.351054,0.35154325,0.349383,0.354346,0.35378407,0.350079995,0.3501,0.3548,Bacillus_anthracis
Completeness_Specific,100.0,100.0,100.0,99.97,100.0,100.0,99.99,94.84,100.0,Bacillus_anthracis
Contamination,0.13,0.12,0.2025,0.0,2.37,1.126900000000001,0.01,0.01,3.04,Bacillus_anthracis
Total_Coding_Sequences,5745.0,5629.0,5764.0,5173.0,6292.0,6085.725,5240.0,5240.0,6085.72,Bacillus_anthracis
Genome_Size,5450887.5,5400846.25,5460548.5,5059644.0,5925571.0,5820350.31,5132404.92,5132404.92,5820350.31,Bacillus_anthracis
N50,243521.0,162998.5,390541.75,18282.0,1030480.0,904694.0,22988.725,22988.72,904694.0,Bacteroides_fragilis
number,89.0,64.0,138.0,22.0,626.0,497.3000000000011,26.475,26.48,497.3,Bacteroides_fragilis
longest,593464.0,441331.25,838075.0,63593.0,2518889.0,2025372.375000001,94648.3,94648.3,2025372.38,Bacteroides_fragilis
GC_Content,0.43311,0.43254475,0.4345679999999999,0.429493,0.4404999999999999,0.4382243,0.43050195,0.4305,0.4385,Bacteroides_fragilis
Completeness_Specific,99.98,99.97,99.99,88.68,100.0,100.0,99.50075,97.33,100.0,Bacteroides_fragilis
Contamination,0.65,0.4,1.835,0.01,9.36,6.453750000000068,0.08475,0.08,6.45,Bacteroides_fragilis
Total_Coding_Sequences,4417.0,4366.75,4534.5,3969.0,5527.0,5011.625,3997.65,3960.0,5011.62,Bacteroides_fragilis
Genome_Size,5232978.5,5175127.25,5315459.5,4719895.0,6076614.0,5659816.400000002,4863831.5,4863831.5,5734009.0,Bacteroides_fragilis
N50,380614.0,264210.0,529209.0,88880.0,1192555.0,1054426.0000000007,92869.22,92869.22,1054426.0,Cronobacter_sakazakii
number,53.0,42.0,70.0,22.0,160.0,134.0,25.0,25.0,134.0,Cronobacter_sakazakii
longest,794139.0,591831.0,1077161.0,169797.0,2224661.0,2091109.420000001,270372.76,270372.76,2091109.42,Cronobacter_sakazakii
GC_Content,0.567767,0.56689,0.5687570000000001,0.564108,0.5717669999999999,0.571227,0.56457028,0.563,0.5712,Cronobacter_sakazakii
Completeness_Specific,100.0,100.0,100.0,100.0,100.0,100.0,100.0,96.26,100.0,Cronobacter_sakazakii
Contamination,0.05,0.03,0.09,0.0,0.95,0.7018000000000006,0.0,0.0,3.28,Cronobacter_sakazakii
Total_Coding_Sequences,4175.0,4085.0,4259.0,3881.0,4493.0,4465.0,3928.64,3928.64,4712.0,Cronobacter_sakazakii
Genome_Size,4534519.0,4446804.0,4587271.0,4290726.0,4791059.0,4774702.84,4316152.64,4268675.0,4908057.0,Cronobacter_sakazakii
N50,271469.0,182318.0,399043.0,15965.0,1057115.0,771178.0199999996,34504.24,34504.24,771178.02,Pseudomonas_aeruginosa
number,115.0,86.0,163.0,26.0,923.0,494.11999999999534,43.0,43.0,494.12,Pseudomonas_aeruginosa
longest,658876.0,479297.0,850413.0,76998.0,2202003.0,1542453.699999997,145102.46,145102.46,1542453.7,Pseudomonas_aeruginosa
GC_Content,0.66298,0.6604800000000001,0.6644880000000001,0.6485120000000001,0.7381019999999999,0.66626406,0.655071,0.6516,0.6668,Pseudomonas_aeruginosa
Completeness_Specific,100.0,100.0,100.0,99.8,100.0,100.0,99.99,95.32,100.0,Pseudomonas_aeruginosa
Contamination,0.1,0.05,0.19,0.0,2.12,1.2805999999999766,0.0,0.0,6.09,Pseudomonas_aeruginosa
Total_Coding_Sequences,6084.0,5872.0,6415.0,4272.0,7264.0,6991.0,5626.94,5626.94,7558.0,Pseudomonas_aeruginosa
Genome_Size,6530909.0,6348870.0,6859920.0,4510286.0,7604371.0,7322886.259999998,6089817.34,6052044.0,7708846.0,Pseudomonas_aeruginosa
N50,204803.0,122615.75,336663.0,12838.0,1153746.0,1150462.785,28977.85,28977.85,1150462.78,Haemophilus_influenzae
number,40.0,30.0,52.0,12.0,268.0,135.0,15.0,15.0,135.0,Haemophilus_influenzae
longest,503943.0,290654.5,572130.0,45187.0,1153746.0,1150462.785,88128.035,88128.04,1150462.78,Haemophilus_influenzae
GC_Content,0.3799,0.379234,0.38046025,0.376637,0.383845,0.382997,0.3777069349999999,0.3777,0.3846,Haemophilus_influenzae
Completeness_Specific,100.0,100.0,100.0,99.98,100.0,100.0,99.99,93.62,100.0,Haemophilus_influenzae
Contamination,0.04,0.0,0.18,0.0,4.42,1.455699999999997,0.0,0.0,2.76,Haemophilus_influenzae
Total_Coding_Sequences,1774.0,1728.0,1831.0,1642.0,2141.0,2008.785,1669.0,1669.0,2149.0,Haemophilus_influenzae
Genome_Size,1842588.5,1810226.75,1882121.5,1743262.0,2104737.0,1998377.9,1760726.985,1753596.0,2102125.0,Haemophilus_influenzae
N50,333603.0,220229.0,444487.0,34024.0,1058332.0,816087.6199999981,67201.25,67201.25,816087.62,Klebsiella_variicola
number,99.0,71.0,138.0,34.0,445.0,349.00999999999976,39.0,39.0,349.01,Klebsiella_variicola
longest,768950.0,530954.5,1057622.0,120106.0,2706325.0,2377030.04,206282.05,206282.05,2377030.04,Klebsiella_variicola
GC_Content,0.572367,0.57036,0.574047,0.5636410000000001,0.57724,0.5767052500000001,0.56443693,0.5626,0.5767,Klebsiella_variicola
Completeness_Specific,100.0,100.0,100.0,99.99,100.0,100.0,100.0,98.06,100.0,Klebsiella_variicola
Contamination,0.22,0.13,0.46,0.02,2.15,1.6901999999999953,0.03,0.03,2.64,Klebsiella_variicola
Total_Coding_Sequences,5326.0,5163.0,5525.0,4870.0,6207.0,6006.01,4954.98,4954.98,6432.0,Klebsiella_variicola
Genome_Size,5678449.0,5531522.0,5851806.0,5280534.0,6399148.0,6190737.94,5339380.33,5279245.0,6498364.0,Klebsiella_variicola
N50,131001.0,91969.75,166177.25,14210.0,433655.0,284734.99499999994,25126.775,25126.78,284734.99,Campylobacter_coli
number,47.0,32.0,77.0,8.0,264.0,173.0,14.0,14.0,173.0,Campylobacter_coli
longest,272565.5,205387.25,354588.25,38550.0,868442.0,598230.525,76388.745,76388.74,598230.52,Campylobacter_coli
GC_Content,0.312928,0.311752,0.313541,0.307168,0.317744,0.314782075,0.3089509399999999,0.3067,0.315,Campylobacter_coli
Completeness_Specific,99.98,99.98,99.99,99.75,100.0,100.0,99.93,94.78,100.0,Campylobacter_coli
Contamination,0.03,0.02,0.05,0.0,1.04,0.24,0.0,0.0,12.51,Campylobacter_coli
Total_Coding_Sequences,1813.0,1752.0,1899.0,1564.0,2186.0,2109.0,1680.0,1680.0,2299.0,Campylobacter_coli
Genome_Size,1728736.5,1686472.0,1788238.0,1577374.0,1984946.0,1929905.155,1634809.205,1634809.2,2127266.0,Campylobacter_coli
N50,203071.0,146430.0,295230.75,21080.0,809483.0,647748.6900000001,46741.915,46741.92,647748.69,Enterococcus_faecalis
number,59.0,41.0,89.0,10.0,315.0,222.0,17.0,17.0,222.0,Enterococcus_faecalis
longest,516863.5,367708.0,716477.0,82033.0,1491851.0,1355905.6850000075,142306.0,142306.0,1355905.69,Enterococcus_faecalis
GC_Content,0.3735954999999999,0.372363,0.37485075,0.367042,0.379416,0.377164475,0.36894363,0.3689,0.378,Enterococcus_faecalis
Completeness_Specific,100.0,100.0,100.0,99.94,100.0,100.0,99.98,96.15,100.0,Enterococcus_faecalis
Contamination,0.23,0.14,0.36,0.0,1.66,0.95,0.03,0.03,2.21,Enterococcus_faecalis
Total_Coding_Sequences,2839.0,2715.0,2992.0,2408.0,3597.0,3457.0,2470.0,2470.0,3592.0,Enterococcus_faecalis
Genome_Size,2958783.5,2861280.0,3070026.25,2612929.0,3510848.0,3397997.31,2665754.87,2652177.0,3505610.0,Enterococcus_faecalis
N50,445070.0,323580.5,604671.5,39516.0,1388968.0,1370498.005,67971.61,67971.61,1370498.0,Staphylococcus_saprophyticus
number,36.0,29.0,45.0,16.0,143.0,114.82999999999991,20.0,20.0,114.83,Staphylococcus_saprophyticus
longest,741576.0,672921.25,972219.25,121324.0,1388968.0,1370498.005,177869.765,177869.76,1370498.0,Staphylococcus_saprophyticus
GC_Content,0.3301619999999999,0.32987225,0.3304505,0.328093,0.331902,0.33153301,0.3282987,0.3283,0.3325,Staphylococcus_saprophyticus
Completeness_Specific,100.0,99.99,100.0,99.96,100.0,100.0,99.98,96.69,100.0,Staphylococcus_saprophyticus
Contamination,0.09,0.0425,0.15,0.0,0.92,0.7482999999999993,0.0,0.0,0.75,Staphylococcus_saprophyticus
Total_Coding_Sequences,2573.0,2540.0,2617.0,2429.0,2875.0,2768.204999999999,2463.0,2451.0,2768.2,Staphylococcus_saprophyticus
Genome_Size,2611873.5,2585241.5,2645702.5,2462048.0,2842336.0,2768077.785,2513141.565,2488173.0,2768077.78,Staphylococcus_saprophyticus
N50,222203.0,146820.5,310774.0,53277.0,590297.0,415218.62,69058.07,69058.07,415218.62,Salmonella_arizonae
number,105.0,90.0,122.0,54.0,222.0,201.0,61.0,61.0,201.0,Salmonella_arizonae
longest,563840.0,392661.0,778587.0,166802.0,1667780.0,1555783.72,198950.96,198950.96,1555783.72,Salmonella_arizonae
GC_Content,0.514205,0.513691,0.5147345,0.510584,0.5163340000000001,0.51561627,0.5116628,0.5116,0.5156,Salmonella_arizonae
Completeness_Specific,100.0,100.0,100.0,100.0,100.0,100.0,100.0,97.05,100.0,Salmonella_arizonae
Contamination,0.05,0.03,0.07,0.0,0.48,0.3161999999999989,0.0,0.0,6.28,Salmonella_arizonae
Total_Coding_Sequences,4305.0,4247.5,4397.5,4053.0,4697.0,4631.48,4121.69,4121.69,5479.0,Salmonella_arizonae
Genome_Size,4547365.0,4501243.0,4619099.5,4334723.0,4829237.0,4803895.499999999,4413019.52,4413019.52,5542871.0,Salmonella_arizonae
N50,106660.0,87794.0,136993.0,26815.0,354110.0,295591.0499999997,36092.65,36092.65,295591.05,Enterococcus_lactis
number,91.0,72.0,112.0,24.0,321.0,225.04999999999995,27.0,27.0,225.05,Enterococcus_lactis
longest,252629.0,207279.0,348887.0,82546.0,996857.0,831717.2,112601.2,112601.2,831717.2,Enterococcus_lactis
GC_Content,0.3815829999999999,0.3808125,0.3822784999999999,0.378264,0.3844599999999999,0.38410485,0.37904885,0.379,0.3847,Enterococcus_lactis
Completeness_Specific,100.0,100.0,100.0,100.0,100.0,100.0,100.0,96.05,100.0,Enterococcus_lactis
Contamination,0.38,0.2,0.61,0.0,1.88,1.5629999999999973,0.03,0.03,1.56,Enterococcus_lactis
Total_Coding_Sequences,2686.0,2606.0,2758.0,2377.0,3029.0,2943.1,2429.05,2429.05,3077.0,Enterococcus_lactis
Genome_Size,2765442.0,2704933.5,2832309.0,2490367.0,3042719.0,2995674.499999999,2529543.1,2529543.1,3073413.0,Enterococcus_lactis
N50,79981.0,65417.0,97035.0,23366.0,153036.0,134276.0,26385.2,26385.2,134276.0,Mannheimia_haemolytica
number,122.0,109.0,138.0,72.0,247.0,224.36000000000013,79.64,79.64,224.36,Mannheimia_haemolytica
longest,293119.0,158927.0,339448.0,69100.0,384623.0,341158.72,87176.0,87176.0,341158.72,Mannheimia_haemolytica
GC_Content,0.410157,0.4097429999999999,0.410758,0.408858,0.412091,0.41176916,0.40910148,0.4091,0.4134,Mannheimia_haemolytica
Completeness_Specific,100.0,100.0,100.0,100.0,100.0,100.0,100.0,87.44,100.0,Mannheimia_haemolytica
Contamination,0.19,0.17,0.22,0.11,0.76,0.46,0.13,0.13,6.49,Mannheimia_haemolytica
Total_Coding_Sequences,2717.0,2585.0,2763.0,2378.0,2918.0,2867.0800000000004,2423.0,2252.0,2964.0,Mannheimia_haemolytica
Genome_Size,2611907.0,2528875.0,2644679.0,2406679.0,2739335.0,2709163.8800000004,2448855.04,2335738.0,2829372.0,Mannheimia_haemolytica
N50,231834.0,176131.0,315968.0,24959.0,913615.0,587004.5599999998,54993.32,54993.32,587004.56,Klebsiella_pneumoniae
number,125.0,99.0,161.0,36.0,1259.0,389.0,53.0,53.0,389.0,Klebsiella_pneumoniae
longest,558885.0,433467.0,750693.0,78377.0,2159855.0,1601149.9999999977,184638.8,184638.8,1601150.0,Klebsiella_pneumoniae
GC_Content,0.571597,0.570154,0.5727920000000001,0.561723,0.578924,0.5762820599999999,0.56487876,0.561,0.5802,Klebsiella_pneumoniae
Completeness_Specific,100.0,100.0,100.0,98.26,100.0,100.0,99.99,95.57,100.0,Klebsiella_pneumoniae
Contamination,0.21,0.1,0.58,0.0,3.63,2.1,0.02,0.02,4.14,Klebsiella_pneumoniae
Total_Coding_Sequences,5280.0,5138.0,5428.0,4627.0,6129.0,5811.0,4792.0,4792.0,6490.0,Klebsiella_pneumoniae
Genome_Size,5585544.0,5474487.0,5698667.0,4995721.0,6198259.0,6015463.42,5158682.94,4996433.0,6374553.0,Klebsiella_pneumoniae
N50,301504.0,189962.75,418659.5,32363.0,1418708.0,1236899.6000000006,48875.2,48875.2,1236899.6,Klebsiella_quasipneumoniae
number,115.0,74.0,166.0,29.0,525.0,397.7000000000007,35.0,35.0,397.7,Klebsiella_quasipneumoniae
longest,719314.0,486861.0,1031881.0,117389.0,2631140.0,2521410.1250000014,176576.275,176576.28,2521410.13,Klebsiella_quasipneumoniae
GC_Content,0.577354,0.5749340000000001,0.5792675,0.567424,0.5841080000000001,0.58385285,0.5686837499999999,0.565,0.5863,Klebsiella_quasipneumoniae
Completeness_Specific,100.0,100.0,100.0,99.99,100.0,100.0,99.99,97.07,100.0,Klebsiella_quasipneumoniae
Contamination,0.12,0.05,0.3,0.0,1.7,1.2285000000000037,0.0,0.0,2.31,Klebsiella_quasipneumoniae
Total_Coding_Sequences,5128.0,4945.0,5336.0,4595.0,6034.0,5835.475000000001,4645.075,4467.0,6241.0,Klebsiella_quasipneumoniae
Genome_Size,5461595.0,5304538.75,5622592.0,4989417.0,6289325.0,6050579.8,5029724.725,4579303.0,6212153.0,Klebsiella_quasipneumoniae
N50,117568.5,86296.75,255240.5,19987.0,671112.0,612048.0,35281.5,35281.5,612048.0,Mycobacterium_intracellulare
number,155.0,109.0,214.75,23.0,640.0,421.5500000000002,33.225,33.22,421.55,Mycobacterium_intracellulare
longest,377715.5,237290.5,728752.0,77903.0,1426930.0,1282114.425,134543.9,134543.9,1282114.42,Mycobacterium_intracellulare
GC_Content,0.675881,0.67494875,0.678601,0.6706789999999999,0.6871639999999999,0.682170825,0.6713532249999999,0.6714,0.6822,Mycobacterium_intracellulare
Completeness_Specific,100.0,100.0,100.0,99.99,100.0,100.0,100.0,94.49,100.0,Mycobacterium_intracellulare
Contamination,0.39,0.26,0.64,0.02,4.3,2.361000000000004,0.07,0.07,12.23,Mycobacterium_intracellulare
Total_Coding_Sequences,5818.5,5402.0,6027.0,4866.0,7318.0,7087.300000000001,4970.45,4941.0,7087.3,Mycobacterium_intracellulare
Genome_Size,6200101.5,5722405.25,6375893.75,5173525.0,7421920.0,7229137.725000001,5287766.1,5257760.0,7229137.72,Mycobacterium_intracellulare
N50,92539.0,68397.75,122261.0,6518.0,461781.0,299959.1999999998,11528.825,11528.82,299959.2,Staphylococcus_epidermidis
number,91.0,74.0,116.0,29.0,693.0,436.8099999999995,40.595,40.6,436.81,Staphylococcus_epidermidis
longest,256880.5,182070.25,342090.5,29692.0,949701.0,728252.4349999999,48468.31,48468.31,728252.44,Staphylococcus_epidermidis
GC_Content,0.320045,0.3192545,0.3206969999999999,0.316595,0.328403,0.3242292899999999,0.317459595,0.3175,0.3242,Staphylococcus_epidermidis
Completeness_Specific,100.0,99.99,100.0,99.86,100.0,100.0,99.97,96.23,100.0,Staphylococcus_epidermidis
Contamination,0.13,0.07,0.34,0.01,2.24,1.5040499999999974,0.02,0.01,1.5,Staphylococcus_epidermidis
Total_Coding_Sequences,2359.0,2306.0,2434.0,2067.0,2957.0,2751.0,2189.19,2189.19,2808.0,Staphylococcus_epidermidis
Genome_Size,2501315.5,2463262.25,2556430.5,2208302.0,2955801.0,2784329.65,2366665.23,2323375.0,2854742.0,Staphylococcus_epidermidis
N50,42309.0,37399.0,51042.0,16299.0,165796.0,151058.0,17756.54,17756.54,151058.0,Yersinia_pestis
number,233.0,214.0,256.0,85.0,614.0,535.0,114.56,114.56,535.0,Yersinia_pestis
longest,107249.0,106741.0,133179.0,56876.0,564065.0,522410.8799999986,59872.96,59872.96,522410.88,Yersinia_pestis
GC_Content,0.475259,0.474875,0.47539,0.471632,0.478781,0.47769332,0.47307402,0.4731,0.4777,Yersinia_pestis
Completeness_Specific,100.0,100.0,100.0,99.39,100.0,100.0,100.0,94.64,100.0,Yersinia_pestis
Contamination,0.22,0.2,0.25,0.02,1.3,0.612199999999998,0.07,0.07,1.95,Yersinia_pestis
Total_Coding_Sequences,4160.0,4140.0,4204.0,3722.0,4505.0,4447.44,3923.12,3923.12,4520.0,Yersinia_pestis
Genome_Size,4631744.0,4604945.0,4676282.0,4158127.0,4987522.0,4913435.52,4402469.8,4402469.8,4930959.0,Yersinia_pestis
N50,134688.5,96516.0,164093.75,9210.0,718672.0,466321.32500000007,17467.685,17467.69,466321.33,Acinetobacter_baumannii
number,105.0,83.0,136.0,19.0,779.0,482.0,34.0,34.0,482.0,Acinetobacter_baumannii
longest,301308.5,250723.0,373248.0,44374.0,1648648.0,1110621.815,73316.14,73316.14,1110621.82,Acinetobacter_baumannii
GC_Content,0.389457,0.3888089999999999,0.390146,0.384113,0.397064,0.39337911,0.387578445,0.3869,0.3975,Acinetobacter_baumannii
Completeness_Specific,100.0,99.99,100.0,94.33,100.0,100.0,99.97,96.86,100.0,Acinetobacter_baumannii
Contamination,0.13,0.08,0.24,0.0,4.32,1.39,0.0,0.0,6.63,Acinetobacter_baumannii
Total_Coding_Sequences,3785.0,3704.0,3868.0,3232.0,4545.0,4200.0,3460.445,3452.0,4445.0,Acinetobacter_baumannii
Genome_Size,3953434.5,3884469.75,4019485.25,3216153.0,4532195.0,4337223.890000001,3668576.805,3638126.0,4566577.0,Acinetobacter_baumannii
N50,86485.0,66019.5,105868.0,19103.0,212157.0,179520.0,34259.8,34259.8,179520.0,Mycobacterium_tuberculosis
number,144.0,122.0,173.0,57.0,635.0,314.0,81.0,81.0,314.0,Mycobacterium_tuberculosis
longest,227572.0,196018.0,271043.0,61808.0,787688.0,453977.70000000007,113242.75,113242.75,453977.7,Mycobacterium_tuberculosis
GC_Content,0.655685,0.6551659999999999,0.655969,0.6492640000000001,0.659075,0.65647395,0.65325,0.6522,0.6566,Mycobacterium_tuberculosis
Completeness_Specific,100.0,100.0,100.0,96.55,100.0,100.0,99.99,95.18,100.0,Mycobacterium_tuberculosis
Contamination,0.5,0.42,0.75,0.09,4.37,1.74,0.27,0.1,2.84,Mycobacterium_tuberculosis
Total_Coding_Sequences,4135.0,4108.0,4164.0,4003.0,4539.0,4278.0,4046.0,4008.0,4518.0,Mycobacterium_tuberculosis
Genome_Size,4364867.0,4347490.0,4377458.5,4206571.0,4620305.0,4424190.65,4274215.6,4274215.6,4516435.0,Mycobacterium_tuberculosis
N50,153195.0,110916.5,214922.0,8325.0,585313.0,478409.239999999,50207.280000000006,50207.28,478409.24,Bifidobacterium_longum
number,58.0,44.0,74.0,13.0,435.0,161.38999999999965,17.0,17.0,161.39,Bifidobacterium_longum
longest,340024.0,256913.0,442096.5,31170.0,1088111.0,967831.4399999965,117685.17,117685.17,967831.44,Bifidobacterium_longum
GC_Content,0.600067,0.598744,0.6011884999999999,0.5939909999999999,0.605035,0.60411671,0.59534389,0.5913,0.6041,Bifidobacterium_longum
Completeness_Specific,99.96,99.94,99.98,99.22,100.0,99.99,99.69,93.46,99.99,Bifidobacterium_longum
Contamination,0.07,0.04,0.13,0.0,1.73,1.4025999999999976,0.0,0.0,2.58,Bifidobacterium_longum
Total_Coding_Sequences,1981.0,1924.0,2093.5,1748.0,2504.0,2369.65,1797.0,1797.0,2672.0,Bifidobacterium_longum
Genome_Size,2369124.0,2319675.0,2448379.5,2100133.0,2764385.0,2683288.33,2202002.22,2202002.22,2832850.0,Bifidobacterium_longum
N50,166943.0,125388.0,281911.0,11359.0,886936.0,752547.78,26378.61,26378.61,752547.78,Staphylococcus_aureus
number,60.0,44.0,80.0,14.0,448.0,272.0,23.0,23.0,272.0,Staphylococcus_aureus
longest,418566.0,300428.0,597889.75,41539.0,1409092.0,1274829.2899999998,89955.44,89955.44,1274829.29,Staphylococcus_aureus
GC_Content,0.3271309999999999,0.3267819999999999,0.327541,0.324778,0.33378,0.3289849999999999,0.325827,0.3258,0.3309,Staphylococcus_aureus
Completeness_Specific,100.0,100.0,100.0,99.27,100.0,100.0,100.0,95.5,100.0,Staphylococcus_aureus
Contamination,0.13,0.09,0.26,0.0,2.43,1.18,0.04,0.04,3.33,Staphylococcus_aureus
Total_Coding_Sequences,2619.0,2561.0,2687.0,2387.0,3072.0,2893.0,2436.0,2436.0,3331.0,Staphylococcus_aureus
Genome_Size,2796753.0,2753741.25,2843905.75,2573304.0,3112305.0,3005982.425,2661494.185,2661494.18,3218685.0,Staphylococcus_aureus
N50,151348.5,102514.75,182574.0,13400.0,508869.0,334623.275,22860.495,22860.5,334623.27,Campylobacter_jejuni
number,37.0,27.0,56.0,8.0,217.0,158.26499999999942,13.0,13.0,158.26,Campylobacter_jejuni
longest,287067.0,200014.25,356679.5,36433.0,867469.0,639983.4299999998,70794.205,70794.2,639983.43,Campylobacter_jejuni
GC_Content,0.303743,0.302766,0.304454,0.2934,0.314373,0.3057999999999999,0.300597735,0.3006,0.3085,Campylobacter_jejuni
Completeness_Specific,99.99,99.99,100.0,99.85,100.0,100.0,99.97,95.69,100.0,Campylobacter_jejuni
Contamination,0.05,0.04,0.08,0.0,0.93,0.32,0.01,0.01,9.65,Campylobacter_jejuni
Total_Coding_Sequences,1776.0,1713.0,1844.0,1556.0,2197.0,2038.0,1618.0,1618.0,2109.0,Campylobacter_jejuni
Genome_Size,1689915.5,1647301.0,1739087.0,1527257.0,1968638.0,1860443.83,1586586.0,1567232.0,1943896.0,Campylobacter_jejuni
N50,237988.0,178154.0,334598.5,50521.0,718265.0,621074.7799999986,64040.48,64040.48,621074.78,Vibrio_vulnificus
number,141.0,117.0,176.0,58.0,343.0,303.4199999999996,69.86,69.86,303.42,Vibrio_vulnificus
longest,607628.0,466410.0,863701.0,160617.0,1801818.0,1755400.8899999994,206859.42,206859.42,1755400.89,Vibrio_vulnificus
GC_Content,0.466693,0.4659305,0.4675209999999999,0.463039,0.470006,0.4694378,0.4635442999999999,0.4535,0.4694,Vibrio_vulnificus
Completeness_Specific,100.0,100.0,100.0,99.49,100.0,100.0,100.0,97.12,100.0,Vibrio_vulnificus
Contamination,0.07,0.04,0.11,0.0,0.78,0.6,0.0,0.0,5.02,Vibrio_vulnificus
Total_Coding_Sequences,4419.0,4352.5,4510.0,4154.0,4998.0,4939.139999999999,4223.29,4223.29,5771.0,Vibrio_vulnificus
Genome_Size,4959831.0,4905029.0,5044586.5,4636345.0,5462376.0,5427877.47,4754786.0,4754786.0,6067960.0,Vibrio_vulnificus
N50,20748.0,20268.75,21228.0,9143.0,23834.0,23245.0,11752.375,11752.38,23245.0,Bordetella_pertussis
number,302.0,292.0,317.0,263.0,686.0,544.0,269.0,269.0,544.0,Bordetella_pertussis
longest,73517.0,73456.0,73535.0,35860.0,106830.0,76384.625,46653.375,46653.38,76384.62,Bordetella_pertussis
GC_Content,0.6780405,0.677732,0.678448,0.6728959999999999,0.679545,0.6792695,0.676107125,0.6761,0.6793,Bordetella_pertussis
Completeness_Specific,99.95,99.94,99.96,94.07,99.99,99.98,96.1075,91.86,99.98,Bordetella_pertussis
Contamination,0.89,0.81,0.91,0.51,2.31,1.65,0.67,0.31,7.67,Bordetella_pertussis
Total_Coding_Sequences,3909.0,3725.0,3935.0,3634.0,4280.0,4012.625,3662.0,3662.0,4247.0,Bordetella_pertussis
Genome_Size,3861312.0,3853910.5,3869735.5,3736799.0,4015029.0,3909192.375,3775413.875,3775413.88,4386396.0,Bordetella_pertussis
N50,279995.0,190678.0,365583.0,31652.0,1217813.0,810072.5500000023,63383.850000000006,63383.85,810072.55,Enterobacter_hormaechei
number,95.0,71.0,123.0,25.0,506.0,268.27000000000044,35.0,35.0,268.27,Enterobacter_hormaechei
longest,689128.0,502174.5,935155.0,88353.0,2204162.0,1853879.0300000035,198856.18,198856.18,1853879.03,Enterobacter_hormaechei
GC_Content,0.551181,0.5489265,0.553383,0.542862,0.559191,0.55733554,0.5448750600000001,0.5429,0.5577,Enterobacter_hormaechei
Completeness_Specific,100.0,100.0,100.0,99.7,100.0,100.0,100.0,97.18,100.0,Enterobacter_hormaechei
Contamination,0.15,0.06,0.39,0.0,2.68,1.59,0.0,0.0,3.3,Enterobacter_hormaechei
Total_Coding_Sequences,4719.0,4554.0,4900.0,4099.0,5480.0,5252.27,4182.0,4182.0,5680.0,Enterobacter_hormaechei
Genome_Size,4962672.0,4822485.0,5121242.5,4407058.0,5571002.0,5408157.0,4514585.34,4514131.0,5668552.0,Enterobacter_hormaechei
N50,461816.0,334369.0,522804.0,67260.0,1281767.0,908595.4000000004,93485.3,93485.3,908595.4,Vibrio_parahaemolyticus
number,93.0,76.0,105.0,33.0,219.0,173.3000000000011,46.9,46.9,173.3,Vibrio_parahaemolyticus
longest,832832.0,691463.0,1186401.0,174991.0,2072794.0,1838649.100000001,292008.4,292008.4,1838649.1,Vibrio_parahaemolyticus
GC_Content,0.4527429999999999,0.45228,0.453044,0.448783,0.454901,0.4543483,0.4501885,0.4407,0.4554,Vibrio_parahaemolyticus
Completeness_Specific,100.0,100.0,100.0,99.99,100.0,100.0,100.0,95.88,100.0,Vibrio_parahaemolyticus
Contamination,0.03,0.01,0.05,0.0,0.72,0.36,0.0,0.0,6.34,Vibrio_parahaemolyticus
Total_Coding_Sequences,4642.0,4606.0,4694.0,4399.0,5226.0,5053.0,4446.0,4446.0,5895.0,Vibrio_parahaemolyticus
Genome_Size,5126377.0,5088403.0,5173305.0,4889822.0,5602962.0,5473118.100000001,4941999.7,4941999.7,6093178.0,Vibrio_parahaemolyticus
N50,208333.5,139582.25,308833.0,14574.0,819277.0,683941.2950000007,25082.48,25082.48,683941.3,Bacteroides_uniformis
number,84.0,60.25,119.0,25.0,695.0,463.5050000000001,29.0,29.0,463.51,Bacteroides_uniformis
longest,507277.5,369212.0,681573.0,59679.0,1407045.0,1295952.985,90722.03,90722.03,1295952.99,Bacteroides_uniformis
GC_Content,0.4636844999999999,0.4625695,0.46482275,0.457098,0.468397,0.4678159999999999,0.4595161299999999,0.4595,0.4678,Bacteroides_uniformis
Completeness_Specific,99.99,99.98,100.0,93.07,100.0,100.0,99.13745,91.84,100.0,Bacteroides_uniformis
Contamination,0.54,0.33,0.91,0.05,7.83,5.473400000000002,0.07,0.07,8.92,Bacteroides_uniformis
Total_Coding_Sequences,4093.5,3909.0,4288.0,3443.0,5037.0,4808.360000000001,3514.33,3454.0,4808.36,Bacteroides_uniformis
Genome_Size,4819966.0,4649411.25,4979435.25,4218629.0,5575773.0,5386162.16,4270102.095,4270102.1,5471617.0,Bacteroides_uniformis
N50,20269.0,19186.0,22006.0,7126.0,40468.0,36799.44999999999,8652.29,8652.29,36799.45,Mycoplasmopsis_bovis
number,169.0,156.0,185.0,92.0,330.0,269.5899999999999,102.41,102.41,269.59,Mycoplasmopsis_bovis
longest,66047.0,51483.0,66404.0,24669.0,109536.0,105812.0,29381.13,29381.13,105812.0,Mycoplasmopsis_bovis
GC_Content,0.293207,0.2928695,0.2939035,0.292083,0.297192,0.2963098999999999,0.29233982,0.29,0.2963,Mycoplasmopsis_bovis
Completeness_Specific,99.84,99.74,99.85,98.52,99.94,99.92,99.0146,92.22,99.92,Mycoplasmopsis_bovis
Contamination,0.85,0.81,0.9,0.26,1.52,1.4517999999999984,0.4941,0.07,7.76,Mycoplasmopsis_bovis
Total_Coding_Sequences,945.0,899.0,962.0,789.0,1095.0,1038.59,804.82,804.82,1038.59,Mycoplasmopsis_bovis
Genome_Size,980655.0,955576.5,992204.0,877959.0,1049627.0,1037306.9,895313.37,895313.37,1143450.0,Mycoplasmopsis_bovis
N50,82414.0,67747.5,104658.0,24344.0,247242.0,191816.34,32063.9,32063.9,191816.34,Helicobacter_pylori
number,51.0,42.0,62.0,20.0,175.0,129.35000000000036,22.0,22.0,129.35,Helicobacter_pylori
longest,225571.0,172186.5,267526.0,64641.0,654990.0,501895.4,82908.68,82908.68,501895.4,Helicobacter_pylori
GC_Content,0.389057,0.388144,0.390212,0.38511,0.393715,0.392672,0.38536032,0.3842,0.393,Helicobacter_pylori
Completeness_Specific,99.99,99.99,99.99,99.95,100.0,100.0,99.97,95.98,100.0,Helicobacter_pylori
Contamination,0.03,0.01,0.14,0.0,1.77,1.1367000000000007,0.0,0.0,1.14,Helicobacter_pylori
Total_Coding_Sequences,1568.0,1538.0,1597.0,1454.0,1700.0,1660.34,1477.0,1455.0,1677.0,Helicobacter_pylori
Genome_Size,1634002.0,1595053.5,1655298.0,1508313.0,1716873.0,1694090.98,1540147.34,1507930.0,1745797.0,Helicobacter_pylori
N50,161969.0,107423.5,231218.0,6218.0,786143.0,645841.0,8833.22,8833.22,645841.0,Clostridium_difficile
number,101.0,82.0,140.0,32.0,1066.0,794.0,49.0,49.0,794.0,Clostridium_difficile
longest,442002.5,276777.0,689890.0,27580.0,1960495.0,1375413.0149999997,46941.975,46941.98,1375413.01,Clostridium_difficile
GC_Content,0.284899,0.283931,0.286093,0.2797159999999999,0.2945959999999999,0.292382315,0.281587685,0.2816,0.296,Clostridium_difficile
Completeness_Specific,99.98,99.97,99.99,99.22,100.0,100.0,99.67,94.72,100.0,Clostridium_difficile
Contamination,0.45,0.33,0.71,0.02,4.11,1.43,0.11,0.11,3.03,Clostridium_difficile
Total_Coding_Sequences,3766.0,3687.0,3882.0,3447.0,4730.0,4281.314999999999,3488.0,3488.0,4281.31,Clostridium_difficile
Genome_Size,4139875.0,4085767.75,4224093.75,3782036.0,4826886.0,4509705.1,3865992.365,3865992.36,4509705.1,Clostridium_difficile
N50,504225.5,263407.25,585755.0,39488.0,1506259.0,1502044.5,48989.725,48989.72,1502044.5,Listeria_innocua
number,24.0,18.0,41.0,10.0,219.0,178.69999999999982,12.0,12.0,178.7,Listeria_innocua
longest,972954.0,497516.5,1432162.0,119657.0,1506259.0,1502208.0,143939.225,143939.22,1502208.0,Listeria_innocua
GC_Content,0.373665,0.3730815,0.374116,0.371615,0.375379,0.374971325,0.3719586,0.372,0.3756,Listeria_innocua
Completeness_Specific,100.0,99.99,100.0,99.99,100.0,100.0,99.99,95.16,100.0,Listeria_innocua
Contamination,0.64,0.57,0.74,0.26,1.48,1.13,0.27825,0.07,1.13,Listeria_innocua
Total_Coding_Sequences,2859.0,2811.0,2915.0,2695.0,3131.0,3104.0,2715.475,2715.48,3221.0,Listeria_innocua
Genome_Size,2875621.5,2843602.25,2921196.5,2750055.0,3072529.0,3055016.275,2763297.925,2763297.92,3093113.0,Listeria_innocua
N50,60817.0,56236.0,73340.75,13069.0,173155.0,137618.30499999956,19868.715,19868.72,137618.3,Staphylococcus_haemolyticus
number,141.0,122.0,157.0,43.0,428.0,310.79499999999894,62.0,62.0,310.79,Staphylococcus_haemolyticus
longest,193839.5,177328.25,251383.75,45314.0,476171.0,392863.0949999997,81281.085,81281.09,392863.09,Staphylococcus_haemolyticus
GC_Content,0.3265755,0.326266,0.32705675,0.323991,0.331669,0.32864201,0.3251451949999999,0.3251,0.3306,Staphylococcus_haemolyticus
Completeness_Specific,99.99,99.99,99.99,99.64,100.0,100.0,99.94785,95.98,100.0,Staphylococcus_haemolyticus
Contamination,0.1,0.06,0.39,0.0,2.22,1.4221499999999991,0.00785,0.01,1.42,Staphylococcus_haemolyticus
Total_Coding_Sequences,2510.0,2456.0,2570.0,2252.0,2834.0,2733.215,2308.355,2308.36,2742.0,Staphylococcus_haemolyticus
Genome_Size,2509698.5,2472552.75,2548765.75,2279731.0,2727551.0,2671649.66,2349429.425,2322835.0,2699292.0,Staphylococcus_haemolyticus
N50,187133.0,93398.75,387469.5,9379.0,1157485.0,956674.0,12214.645,12214.64,956674.0,Clostridium_botulinum
number,81.0,57.0,126.0,29.0,692.0,569.9200000000001,32.635,32.64,569.92,Clostridium_botulinum
longest,489653.0,284435.75,758239.75,47895.0,1987464.0,1801678.5450000004,57195.735,57195.74,1801678.55,Clostridium_botulinum
GC_Content,0.2799055,0.27250625,0.28059825,0.268662,0.283678,0.28262173,0.270033785,0.27,0.2834,Clostridium_botulinum
Completeness_Specific,100.0,100.0,100.0,99.94,100.0,100.0,99.96,94.54,100.0,Clostridium_botulinum
Contamination,0.77,0.56,1.01,0.04,2.97,2.45365,0.08,0.08,2.86,Clostridium_botulinum
Total_Coding_Sequences,3608.0,3518.0,3738.25,2964.0,4275.0,4245.65,2980.27,2683.0,4385.0,Clostridium_botulinum
Genome_Size,3898083.0,3826277.75,3995276.0,3099427.0,4380908.0,4342791.06,3117188.425,2702994.0,4432564.0,Clostridium_botulinum
N50,30482.0,26739.0,45319.0,20875.0,98357.0,76969.53000000012,22763.5,22763.5,76969.53,Mycobacterium_marinum
number,390.0,298.0,464.0,226.0,643.0,619.8300000000004,275.31,275.31,619.83,Mycobacterium_marinum
longest,110996.0,103141.0,159852.5,73075.0,266644.0,227079.1000000001,76621.38,76621.38,227079.1,Mycobacterium_marinum
GC_Content,0.6563720000000001,0.6557005,0.6569809999999999,0.65448,0.658018,0.65717077,0.6549463699999999,0.6549,0.658,Mycobacterium_marinum
Completeness_Specific,99.98,99.98,99.99,99.93,100.0,100.0,99.9431,97.09,100.0,Mycobacterium_marinum
Contamination,0.55,0.51,0.57,0.07,2.06,1.6369000000000005,0.09,0.09,2.25,Mycobacterium_marinum
Total_Coding_Sequences,5347.0,5277.0,5402.0,5236.0,6060.0,5959.38,5242.0,5242.0,5959.38,Mycobacterium_marinum
Genome_Size,5329422.0,5319394.5,5350281.0,5219486.0,6419793.0,6313940.380000001,5255952.1,5255952.1,6660144.0,Mycobacterium_marinum
N50,110784.0,73746.0,178365.5,14338.0,716115.0,611570.5799999997,23562.12,23562.12,611570.58,Stenotrophomonas_maltophilia
number,95.0,68.0,138.0,19.0,631.0,404.6299999999994,26.0,26.0,404.63,Stenotrophomonas_maltophilia
longest,329944.0,235238.0,480442.5,58126.0,1683198.0,1197958.429999999,97548.84,97548.84,1197958.43,Stenotrophomonas_maltophilia
GC_Content,0.6637430000000001,0.6620625,0.6657845,0.655231,0.67255,0.67066443,0.65742042,0.6563,0.6738,Stenotrophomonas_maltophilia
Completeness_Specific,100.0,100.0,100.0,99.73,100.0,100.0,100.0,94.16,100.0,Stenotrophomonas_maltophilia
Contamination,0.19,0.01,0.61,0.0,3.98,2.6806,0.0,0.0,4.94,Stenotrophomonas_maltophilia
Total_Coding_Sequences,4389.0,4255.5,4494.0,3660.0,5733.0,4847.27,3737.91,3737.91,4847.27,Stenotrophomonas_maltophilia
Genome_Size,4802926.0,4695486.5,4901241.0,4118741.0,5995829.0,5205439.62,4196754.52,4120518.0,5205439.62,Stenotrophomonas_maltophilia
N50,47674.0,35238.0,57422.0,12351.0,116825.0,78040.42,18777.88,18777.88,78040.42,Neisseria_meningitidis
number,186.0,163.0,210.0,72.0,368.0,306.0,101.0,101.0,306.0,Neisseria_meningitidis
longest,154391.0,120635.0,176633.5,47785.0,391188.0,282981.49999999994,67734.74,67734.74,282981.5,Neisseria_meningitidis
GC_Content,0.517249,0.5158229999999999,0.518285,0.5117499999999999,0.523158,0.521412,0.51291116,0.5105,0.5214,Neisseria_meningitidis
Completeness_Specific,99.99,99.99,100.0,99.92,100.0,100.0,99.96,97.12,100.0,Neisseria_meningitidis
Contamination,0.0,0.0,0.01,0.0,0.58,0.12,0.0,0.0,2.47,Neisseria_meningitidis
Total_Coding_Sequences,2042.0,2009.0,2090.0,1893.0,2286.0,2201.0,1926.0,1926.0,2420.0,Neisseria_meningitidis
Genome_Size,2126679.0,2097130.0,2164264.5,1994401.0,2303681.0,2250575.02,2033458.67,2033458.67,2397461.0,Neisseria_meningitidis
N50,102173.0,70880.0,250859.0,25490.0,708103.0,639449.5,34638.0,34638.0,639449.5,Yersinia_enterocolitica
number,145.0,68.0,186.0,24.0,385.0,330.0,31.0,31.0,330.0,Yersinia_enterocolitica
longest,305758.0,218740.0,613531.0,84266.0,1359452.0,1128342.0,122406.5,122406.5,1128342.0,Yersinia_enterocolitica
GC_Content,0.470338,0.469126,0.471699,0.466116,0.4762639999999999,0.4744589999999999,0.4673695,0.4674,0.4745,Yersinia_enterocolitica
Completeness_Specific,100.0,100.0,100.0,99.99,100.0,100.0,100.0,91.5,100.0,Yersinia_enterocolitica
Contamination,0.07,0.01,0.25,0.0,1.15,0.63,0.0,0.0,4.49,Yersinia_enterocolitica
Total_Coding_Sequences,4230.0,4158.0,4362.0,3953.0,5023.0,4824.5,4022.0,4022.0,4903.0,Yersinia_enterocolitica
Genome_Size,4582708.0,4502537.0,4752643.0,4367571.0,5303925.0,5107213.5,4392257.5,4392257.5,5149746.0,Yersinia_enterocolitica
N50,85521.0,61918.0,120688.0,14147.0,380919.0,269432.73999999795,24564.28,24564.28,269432.74,Streptococcus_pneumoniae
number,78.0,59.0,102.0,16.0,441.0,215.0,28.0,28.0,215.0,Streptococcus_pneumoniae
longest,226864.0,172363.0,305786.0,43742.0,793994.0,618667.7999999999,75206.92,75206.92,618667.8,Streptococcus_pneumoniae
GC_Content,0.3960669999999999,0.395495,0.3967819999999999,0.39059,0.402481,0.3981981799999999,0.393717,0.3937,0.3994,Streptococcus_pneumoniae
Completeness_Specific,100.0,100.0,100.0,99.97,100.0,100.0,99.99,97.02,100.0,Streptococcus_pneumoniae
Contamination,0.16,0.1,0.25,0.0,3.68,0.92,0.02,0.02,2.73,Streptococcus_pneumoniae
Total_Coding_Sequences,2101.0,2057.0,2155.0,1893.0,2522.0,2349.0,1961.0,1961.0,2417.0,Streptococcus_pneumoniae
Genome_Size,2081351.0,2046421.0,2118079.0,1903720.0,2362632.0,2242975.18,1966485.46,1966485.46,2310574.0,Streptococcus_pneumoniae
N50,226335.0,191165.5,267491.5,20679.0,598878.0,520075.0,27843.21,27843.21,520075.0,Proteus_mirabilis
number,86.0,71.0,110.0,32.0,579.0,323.33999999999924,39.61,39.61,323.34,Proteus_mirabilis
longest,512655.0,400266.0,633763.5,58344.0,1596279.0,1228625.0699999996,94787.64,94787.64,1228625.07,Proteus_mirabilis
GC_Content,0.387462,0.386385,0.388955,0.378419,0.396256,0.39450868,0.38375821,0.3838,0.3973,Proteus_mirabilis
Completeness_Specific,100.0,100.0,100.0,100.0,100.0,100.0,100.0,86.39,100.0,Proteus_mirabilis
Contamination,0.28,0.22,0.355,0.07,1.57,0.9694999999999936,0.13,0.13,11.33,Proteus_mirabilis
Total_Coding_Sequences,3645.0,3550.5,3758.0,3257.0,4287.0,4082.78,3310.61,3310.61,4420.0,Proteus_mirabilis
Genome_Size,3996856.0,3922077.5,4083281.0,3668667.0,4412534.0,4325876.84,3729326.01,3729326.01,4587183.0,Proteus_mirabilis
N50,124174.0,94239.25,160861.75,17994.0,313341.0,253025.8999999999,24618.395,24618.4,253025.9,Burkholderia_mallei
number,198.0,178.0,227.0,97.0,988.0,681.6149999999998,123.0,123.0,681.61,Burkholderia_mallei
longest,362185.0,268285.75,480986.75,93962.0,1068534.0,824978.8349999998,104762.16,104762.16,824978.83,Burkholderia_mallei
GC_Content,0.68169,0.6810670000000001,0.6823135,0.6777209999999999,0.6846840000000001,0.683284,0.67866077,0.6787,0.6851,Burkholderia_mallei
Completeness_Specific,100.0,100.0,100.0,99.87,100.0,100.0,100.0,94.02,100.0,Burkholderia_mallei
Contamination,1.47,1.31,1.67,0.31,4.99,4.106149999999998,0.53385,0.53,5.37,Burkholderia_mallei
Total_Coding_Sequences,5988.0,5931.0,6064.0,5530.0,6624.0,6463.844999999999,5797.0,4756.0,6463.84,Burkholderia_mallei
Genome_Size,7139814.5,7084770.0,7194749.25,6638137.0,7549199.0,7423264.945,6926513.45,5232401.0,7423264.94,Burkholderia_mallei
N50,124419.0,84022.0,175318.0,9081.0,568772.0,382277.6699999996,20142.0,20142.0,382277.67,Escherichia_coli
number,239.0,148.0,412.0,29.0,2011.0,694.0,65.0,65.0,694.0,Escherichia_coli
longest,348262.5,236258.0,463989.75,38082.0,1662943.0,912712.405,76218.0,76218.0,912712.4,Escherichia_coli
GC_Content,0.5059279999999999,0.50466475,0.507213,0.493324,0.520959,0.5096424049999999,0.501879,0.5009,0.5112,Escherichia_coli
Completeness_Specific,100.0,100.0,100.0,93.26,100.0,100.0,100.0,95.86,100.0,Escherichia_coli
Contamination,0.21,0.09,0.46,0.0,6.12,1.95,0.0,0.0,15.57,Escherichia_coli
Total_Coding_Sequences,4932.0,4700.0,5267.0,3800.0,6691.0,6002.0,4189.0,3998.0,6496.0,Escherichia_coli
Genome_Size,5110613.5,4825717.75,5335120.5,4037975.0,6273067.0,5763951.019999998,4336718.355,4165587.0,6244159.0,Escherichia_coli
N50,141500.0,120218.0,169338.0,56390.0,329948.0,328892.94,59612.76,59612.76,328892.94,Neisseria_lactamica
number,60.0,48.0,71.0,24.0,122.0,113.84000000000016,29.58,29.58,113.84,Neisseria_lactamica
longest,343707.0,250972.0,444831.0,124498.0,698409.0,637549.2400000003,126819.64,126819.64,637549.24,Neisseria_lactamica
GC_Content,0.523016,0.5222140000000001,0.523495,0.518507,0.5267430000000001,0.5253352,0.5193876000000001,0.5194,0.5263,Neisseria_lactamica
Completeness_Specific,100.0,100.0,100.0,100.0,100.0,100.0,100.0,99.04,100.0,Neisseria_lactamica
Contamination,0.07,0.06,0.11,0.0,0.36,0.21,0.01,0.01,0.3,Neisseria_lactamica
Total_Coding_Sequences,2023.0,2004.0,2068.0,1890.0,2254.0,2198.84,1931.0,1931.0,2263.0,Neisseria_lactamica
Genome_Size,2151956.0,2131786.0,2187868.0,2067598.0,2330942.0,2273431.06,2094635.22,2094635.22,2273431.06,Neisseria_lactamica
N50,317712.0,215766.75,593001.75,36104.0,2833521.0,2574473.0,74486.575,74486.58,2574473.0,Mycobacterium_abscessus
number,47.0,27.0,66.0,4.0,361.0,174.0,7.0,7.0,174.0,Mycobacterium_abscessus
longest,738569.5,506327.0,1206629.0,128531.0,2833521.0,2574473.0,209910.55,209910.55,2574473.0,Mycobacterium_abscessus
GC_Content,0.641426,0.64108825,0.64198175,0.637561,0.644173,0.643067925,0.6390856250000001,0.6391,0.6432,Mycobacterium_abscessus
Completeness_Specific,100.0,100.0,100.0,99.99,100.0,100.0,99.99,95.74,100.0,Mycobacterium_abscessus
Contamination,0.22,0.17,0.31,0.02,2.55,0.9127499999999964,0.07,0.07,2.47,Mycobacterium_abscessus
Total_Coding_Sequences,5024.0,4900.0,5183.0,4500.0,5995.0,5720.849999999995,4631.725,4631.73,5720.85,Mycobacterium_abscessus
Genome_Size,5099420.5,4978038.5,5192696.25,4638877.0,5827067.0,5597820.274999999,4740423.6,4687873.0,5597820.28,Mycobacterium_abscessus
N50,235745.0,198150.0,247094.0,53441.0,679476.0,555248.125,77754.875,77754.88,555248.12,Vibrio_cholerae
number,106.0,96.0,118.0,33.0,340.0,226.0,62.0,62.0,226.0,Vibrio_cholerae
longest,555318.0,426244.0,637827.0,119246.0,1146358.0,932948.125,232472.875,232472.88,932948.12,Vibrio_cholerae
GC_Content,0.474868,0.474657,0.475109,0.4696099999999999,0.478389,0.47745325,0.471821375,0.4709,0.4781,Vibrio_cholerae
Completeness_Specific,100.0,100.0,100.0,99.99,100.0,100.0,100.0,95.72,100.0,Vibrio_cholerae
Contamination,0.03,0.02,0.05,0.0,0.92,0.34,0.0,0.0,4.91,Vibrio_cholerae
Total_Coding_Sequences,3592.0,3573.0,3617.0,3297.0,4236.0,3879.5,3421.0,3421.0,4183.0,Vibrio_cholerae
Genome_Size,4030926.0,4007307.25,4049324.75,3696571.0,4526682.0,4254951.25,3848514.875,3848514.88,4476429.0,Vibrio_cholerae
N50,404669.0,268308.5,470415.0,20513.0,1103929.0,1092883.32,40418.25,40418.25,1092883.32,Streptococcus_uberis
number,23.0,18.0,29.0,9.0,187.0,119.11999999999988,10.97,10.97,119.12,Streptococcus_uberis
longest,642341.0,516085.5,850173.5,71157.0,1103929.0,1092883.32,116145.98,116145.98,1092883.32,Streptococcus_uberis
GC_Content,0.3640699999999999,0.36319,0.3648705,0.359934,0.367122,0.36643736,0.36094955,0.3609,0.3668,Streptococcus_uberis
Completeness_Specific,100.0,99.99,100.0,99.89,100.0,100.0,99.9697,98.1,100.0,Streptococcus_uberis
Contamination,0.04,0.02,0.08,0.0,0.43,0.3005999999999994,0.0,0.0,1.16,Streptococcus_uberis
Total_Coding_Sequences,1889.0,1839.0,1932.0,1744.0,2157.0,2129.15,1765.97,1765.97,2129.15,Streptococcus_uberis
Genome_Size,1914475.0,1871427.0,1950144.5,1777911.0,2168283.0,2115326.69,1797581.07,1797581.07,2115326.69,Streptococcus_uberis
N50,382970.0,298342.0,595592.0,35285.0,3127424.0,3079611.64,55890.74,55890.74,3079611.64,Serratia_marcescens
number,53.0,42.0,70.0,19.0,356.0,228.71999999999932,23.46,23.46,228.72,Serratia_marcescens
longest,1006755.0,753923.0,1481201.0,150622.0,3127424.0,3079611.64,185465.48,185465.48,3079611.64,Serratia_marcescens
GC_Content,0.599233,0.597984,0.60029,0.591257,0.602518,0.6021894999999999,0.5928205,0.5847,0.6022,Serratia_marcescens
Completeness_Specific,100.0,100.0,100.0,100.0,100.0,100.0,100.0,90.41,100.0,Serratia_marcescens
Contamination,0.03,0.02,0.06,0.0,0.9,0.6215999999999986,0.0,0.0,8.86,Serratia_marcescens
Total_Coding_Sequences,4729.0,4646.0,4841.0,4457.0,5367.0,5206.179999999998,4504.68,4504.68,5746.0,Serratia_marcescens
Genome_Size,5159505.0,5075445.0,5246437.0,4857581.0,5714407.0,5557941.38,4889673.44,4889673.44,5896859.0,Serratia_marcescens
N50,137130.0,115831.0,162488.0,45549.0,432979.0,403087.8,62263.6,62263.6,403087.8,Corynebacterium_diphtheriae
number,56.0,48.0,65.0,22.0,136.0,101.0,25.92,25.92,101.0,Corynebacterium_diphtheriae
longest,347818.0,275661.0,404057.0,134503.0,637530.0,550441.0,156337.72,156337.72,550441.0,Corynebacterium_diphtheriae
GC_Content,0.535473,0.534839,0.535927,0.533167,0.5391170000000001,0.53750016,0.5335636,0.5332,0.5375,Corynebacterium_diphtheriae
Completeness_Specific,100.0,100.0,100.0,99.98,100.0,100.0,99.98,95.89,100.0,Corynebacterium_diphtheriae
Contamination,0.44,0.3,0.78,0.07,1.93,1.69,0.1,0.1,1.69,Corynebacterium_diphtheriae
Total_Coding_Sequences,2347.0,2288.0,2389.0,2133.0,2560.0,2535.08,2188.0,2188.0,2535.08,Corynebacterium_diphtheriae
Genome_Size,2444745.0,2402237.0,2477336.0,2286776.0,2582540.0,2571896.6,2335870.0,2335870.0,2571896.6,Corynebacterium_diphtheriae
N50,161628.0,135547.0,227227.0,27099.0,866036.0,850616.0,39560.98,39560.98,850616.0,Staphylococcus_capitis
number,58.0,49.0,64.0,18.0,200.0,145.22000000000003,25.0,25.0,145.22,Staphylococcus_capitis
longest,455439.0,367576.0,540572.0,82101.0,1118113.0,932877.0,107433.1,107433.1,932877.0,Staphylococcus_capitis
GC_Content,0.3278,0.3276509999999999,0.328148,0.326273,0.33069,0.32917338,0.3267051,0.3267,0.3305,Staphylococcus_capitis
Completeness_Specific,99.99,99.98,99.99,99.96,100.0,100.0,99.97,97.13,100.0,Staphylococcus_capitis
Contamination,0.17,0.15,0.22,0.01,1.06,0.7148000000000001,0.01,0.01,0.71,Staphylococcus_capitis
Total_Coding_Sequences,2453.0,2402.0,2482.0,2243.0,2670.0,2582.74,2254.52,2254.52,2671.0,Staphylococcus_capitis
Genome_Size,2543028.0,2498649.0,2566132.0,2343033.0,2710039.0,2638026.36,2384139.66,2363587.0,2701315.0,Staphylococcus_capitis
N50,179197.0,136504.0,237314.0,24244.0,434290.0,386843.52,34593.72,34593.72,386843.52,Pseudomonas_marginalis
number,99.0,77.0,125.0,49.0,450.0,345.96000000000004,52.0,52.0,345.96,Pseudomonas_marginalis
longest,542764.0,418700.0,738604.0,120331.0,1518223.0,1281810.48,149584.88,149584.88,1281810.48,Pseudomonas_marginalis
GC_Content,0.605431,0.605335,0.605456,0.600761,0.605711,0.60557636,0.60080576,0.5985,0.61,Pseudomonas_marginalis
Completeness_Specific,100.0,100.0,100.0,100.0,100.0,100.0,100.0,99.29,100.0,Pseudomonas_marginalis
Contamination,0.02,0.02,0.04,0.0,1.47,1.3912,0.01,0.01,7.13,Pseudomonas_marginalis
Total_Coding_Sequences,6034.0,6029.0,6043.0,5882.0,6588.0,6576.24,6019.0,6019.0,7086.0,Pseudomonas_marginalis
Genome_Size,6691924.0,6689806.0,6696579.0,6517088.0,7129572.0,7123707.56,6665208.6,6665208.6,7581541.0,Pseudomonas_marginalis
N50,216198.0,153189.0,299457.5,39282.0,799054.0,703368.7000000005,58759.44,58759.44,703368.7,Citrobacter_freundii
number,121.0,93.0,159.0,32.0,450.0,318.6800000000003,36.0,36.0,318.68,Citrobacter_freundii
longest,552239.0,430884.5,745641.5,139150.0,1841698.0,1630973.9600000004,184453.22,184453.22,1630973.96,Citrobacter_freundii
GC_Content,0.516972,0.5159255,0.5178715,0.511308,0.523702,0.5204670100000001,0.51314051,0.5127,0.5272,Citrobacter_freundii
Completeness_Specific,100.0,100.0,100.0,99.99,100.0,100.0,100.0,92.04,100.0,Citrobacter_freundii
Contamination,0.27,0.14,0.52,0.0,2.81,1.5184000000000015,0.01,0.01,10.82,Citrobacter_freundii
Total_Coding_Sequences,5138.0,4959.0,5338.0,4392.0,6016.0,5839.71,4514.0,4437.0,6107.0,Citrobacter_freundii
Genome_Size,5329577.0,5198248.5,5496163.5,4734352.0,6058308.0,5879248.37,4837824.36,4692130.0,6062955.0,Citrobacter_freundii
N50,183177.0,135831.0,249890.0,42414.0,605308.0,437722.8299999999,55640.43,55640.43,437722.83,Klebsiella_michiganensis
number,156.0,115.0,201.0,50.0,578.0,379.5899999999997,61.0,61.0,379.59,Klebsiella_michiganensis
longest,489508.0,408295.0,662504.0,128268.0,1526471.0,1287700.3899999992,192760.53,192760.53,1287700.39,Klebsiella_michiganensis
GC_Content,0.557221,0.55565,0.5585315,0.548025,0.562592,0.5614385399999999,0.55039162,0.5504,0.5618,Klebsiella_michiganensis
Completeness_Specific,100.0,100.0,100.0,99.99,100.0,100.0,100.0,95.74,100.0,Klebsiella_michiganensis
Contamination,0.55,0.34,0.97,0.05,3.58,3.3654,0.0973,0.06,3.37,Klebsiella_michiganensis
Total_Coding_Sequences,5851.0,5696.0,6084.5,5209.0,6773.0,6676.54,5315.65,5315.65,6827.0,Klebsiella_michiganensis
Genome_Size,6215995.0,6094998.0,6402634.5,5643538.0,7002895.0,6908508.51,5760427.44,5760427.44,6977354.0,Klebsiella_michiganensis
N50,265140.0,200507.0,359770.5,37578.0,851775.0,615483.0999999995,68938.1,68938.1,615483.1,Klebsiella_oxytoca
number,111.0,90.0,147.5,47.0,536.0,346.499999999995,53.78,53.78,346.5,Klebsiella_oxytoca
longest,655853.0,544404.0,884859.0,162532.0,1777064.0,1556163.0199999958,188534.59,188534.59,1556163.02,Klebsiella_oxytoca
GC_Content,0.55042,0.5489625,0.551515,0.543667,0.55346,0.5532520000000001,0.544563,0.5412,0.5533,Klebsiella_oxytoca
Completeness_Specific,100.0,100.0,100.0,100.0,100.0,100.0,100.0,96.13,100.0,Klebsiella_oxytoca
Contamination,0.48,0.35,0.82,0.09,2.54,2.4,0.16,0.16,7.61,Klebsiella_oxytoca
Total_Coding_Sequences,5591.0,5393.5,5797.0,5148.0,6417.0,6312.44,5188.63,5071.0,6504.0,Klebsiella_oxytoca
Genome_Size,6002043.0,5837153.5,6181305.5,5624995.0,6700630.0,6600977.83,5667910.93,5394761.0,6736859.0,Klebsiella_oxytoca
N50,437549.5,294850.75,511555.5,34736.0,1538180.0,1502497.28,66708.24500000001,66708.25,1502497.28,Listeria_monocytogenes
number,29.0,23.0,41.0,9.0,220.0,111.0,14.0,14.0,111.0,Listeria_monocytogenes
longest,729242.0,533216.0,1005387.0,119498.0,1538974.0,1504764.4349999998,191856.83,191856.83,1504764.43,Listeria_monocytogenes
GC_Content,0.378705,0.3782959999999999,0.379094,0.376079,0.383659,0.380849,0.377148,0.3771,0.3829,Listeria_monocytogenes
Completeness_Specific,99.99,99.99,100.0,99.96,100.0,100.0,99.97,96.29,100.0,Listeria_monocytogenes
Contamination,0.72,0.64,0.8,0.2,1.83,1.11,0.49,0.17,4.23,Listeria_monocytogenes
Total_Coding_Sequences,2932.0,2865.0,3009.0,2661.0,3326.0,3192.0,2772.0,2772.0,3315.0,Listeria_monocytogenes
Genome_Size,2966962.0,2917151.75,3025875.75,2705671.0,3280166.0,3157801.07,2840561.755,2815543.0,3243301.0,Listeria_monocytogenes
N50,259924.0,249088.0,333756.5,61934.0,534185.0,531416.0,81954.075,81954.08,531416.0,Brucella_melitensis
number,33.0,29.0,38.0,17.0,98.0,82.72499999999991,21.0,21.0,82.72,Brucella_melitensis
longest,518896.0,475986.0,601031.25,175597.0,1130860.0,1101509.0,218269.65,218269.65,1101509.0,Brucella_melitensis
GC_Content,0.572416,0.57239,0.57244825,0.5715319999999999,0.57299,0.572836,0.572125475,0.5721,0.5728,Brucella_melitensis
Completeness_Specific,100.0,100.0,100.0,99.99,100.0,100.0,99.99,95.6,100.0,Brucella_melitensis
Contamination,0.34,0.17,0.52,0.01,1.73,0.6672499999999991,0.05275,0.05,0.89,Brucella_melitensis
Total_Coding_Sequences,3141.0,3126.0,3150.0,3058.0,3205.0,3171.0,3068.0,3068.0,3254.0,Brucella_melitensis
Genome_Size,3289350.0,3266864.5,3291873.0,3241737.0,3333801.0,3307079.425,3245723.25,3245723.25,3313492.0,Brucella_melitensis
N50,163044.0,130658.0,203735.0,33819.0,439155.0,284356.86000000016,60758.28,60758.28,284356.86,Streptococcus_pyogenes
number,34.0,28.0,43.0,12.0,137.0,89.0,18.0,18.0,89.0,Streptococcus_pyogenes
longest,333486.0,248082.0,475170.0,93325.0,855241.0,751710.0,143900.72,143900.72,751710.0,Streptococcus_pyogenes
GC_Content,0.383705,0.383191,0.3839079999999999,0.378866,0.3868399999999999,0.384731,0.38084638,0.3808,0.3869,Streptococcus_pyogenes
Completeness_Specific,100.0,99.99,100.0,99.96,100.0,100.0,99.98,97.68,100.0,Streptococcus_pyogenes
Contamination,0.15,0.06,0.42,0.0,1.53,0.6262000000000262,0.01,0.01,2.67,Streptococcus_pyogenes
Total_Coding_Sequences,1758.0,1716.0,1805.0,1522.0,2043.0,1943.0,1579.0,1579.0,2090.0,Streptococcus_pyogenes
Genome_Size,1803735.0,1775678.0,1841438.0,1637467.0,2045563.0,1938666.48,1685315.52,1685315.52,2067793.0,Streptococcus_pyogenes
N50,223576.0,147451.0,295372.0,16338.0,727673.0,617720.0,28266.48,28266.48,617720.0,Parabacteroides_distasonis
number,89.0,69.0,123.0,23.0,566.0,408.1200000000006,34.84,34.84,408.12,Parabacteroides_distasonis
longest,535780.0,385741.0,730643.0,57103.0,1640854.0,1328958.7600000005,114525.96,114525.96,1328958.76,Parabacteroides_distasonis
GC_Content,0.450464,0.44967,0.4514609999999999,0.446344,0.45493,0.45424904,0.44773108,0.4477,0.4558,Parabacteroides_distasonis
Completeness_Specific,100.0,99.99,100.0,99.19,100.0,100.0,99.9,91.64,100.0,Parabacteroides_distasonis
Contamination,1.31,0.95,1.67,0.19,6.8,4.862800000000006,0.22,0.22,4.86,Parabacteroides_distasonis
Total_Coding_Sequences,4422.0,4308.0,4574.0,3793.0,5099.0,4989.120000000001,3981.76,3960.0,4989.12,Parabacteroides_distasonis
Genome_Size,5156273.0,5060533.0,5283544.0,4273219.0,5821999.0,5602424.32,4736473.2,4736473.2,5602424.32,Parabacteroides_distasonis
N50,323643.5,241886.75,432822.75,34778.0,1536104.0,1390410.35,62568.55,62568.55,1390410.35,Bifidobacterium_adolescentis
number,29.0,23.0,38.0,9.0,106.0,82.32500000000005,11.0,11.0,82.33,Bifidobacterium_adolescentis
longest,712985.5,487911.5,866910.75,118048.0,1536104.0,1390410.35,197422.675,197422.68,1390410.35,Bifidobacterium_adolescentis
GC_Content,0.593637,0.5925549999999999,0.5946155,0.586094,0.6029019999999999,0.601097975,0.589002875,0.589,0.6011,Bifidobacterium_adolescentis
Completeness_Specific,99.99,99.98,99.99,99.87,100.0,100.0,99.92,93.51,100.0,Bifidobacterium_adolescentis
Contamination,0.24,0.13,0.3625,0.01,1.69,0.9630000000000016,0.02,0.02,5.95,Bifidobacterium_adolescentis
Total_Coding_Sequences,1803.0,1735.0,1873.25,1599.0,2222.0,2072.65,1623.675,1623.68,2123.0,Bifidobacterium_adolescentis
Genome_Size,2217518.0,2154859.75,2275358.75,1996957.0,2512757.0,2436009.275,2055223.6,2040211.0,2436009.28,Bifidobacterium_adolescentis
N50,55989.0,47076.0,64787.0,21041.0,148242.0,88815.68999999999,28250.64,28250.64,88815.69,Neisseria_gonorrhoeae
number,146.0,133.0,161.0,81.0,353.0,224.0,100.0,100.0,224.0,Neisseria_gonorrhoeae
longest,207468.0,153188.0,207915.0,67464.0,493819.0,293676.1,93034.66,93034.66,293676.1,Neisseria_gonorrhoeae
GC_Content,0.524601,0.5241210000000001,0.5258189999999999,0.521387,0.528402,0.5274366699999999,0.522803,0.5206,0.5274,Neisseria_gonorrhoeae
Completeness_Specific,99.99,99.99,99.99,99.95,100.0,100.0,99.98,97.16,100.0,Neisseria_gonorrhoeae
Contamination,0.12,0.1,0.14,0.01,1.74,0.28,0.05,0.05,2.14,Neisseria_gonorrhoeae
Total_Coding_Sequences,2193.0,2159.0,2219.0,2025.0,2357.0,2300.0,2087.0,2087.0,2472.0,Neisseria_gonorrhoeae
Genome_Size,2153809.0,2128332.0,2168193.5,2031102.0,2241215.0,2220814.35,2078440.59,2078440.59,2308468.0,Neisseria_gonorrhoeae
N50,70770.5,57650.0,77867.75,26766.0,129433.0,122696.88999999996,34396.75,34396.75,122696.89,Streptococcus_dysgalactiae
number,102.0,86.0,118.0,55.0,219.0,183.79,65.605,65.6,183.79,Streptococcus_dysgalactiae
longest,182650.0,145605.5,215656.0,70119.0,374356.0,301612.395,87442.30500000001,87442.3,301612.4,Streptococcus_dysgalactiae
GC_Content,0.3930945,0.39228725,0.39402075,0.389138,0.396825,0.3962382949999999,0.3899922099999999,0.39,0.3992,Streptococcus_dysgalactiae
Completeness_Specific,100.0,100.0,100.0,100.0,100.0,100.0,100.0,91.77,100.0,Streptococcus_dysgalactiae
Contamination,0.22,0.18,0.28,0.06,0.69,0.6278999999999997,0.1,0.1,2.67,Streptococcus_dysgalactiae
Total_Coding_Sequences,2097.5,2046.0,2154.0,1855.0,2414.0,2328.975,1924.025,1924.02,2328.98,Streptococcus_dysgalactiae
Genome_Size,2101849.5,2058556.25,2149516.5,1909655.0,2338962.0,2277865.71,1961974.5,1961974.5,2331176.0,Streptococcus_dysgalactiae
N50,193533.0,135419.25,258074.25,21222.0,1268619.0,867550.0699999988,41879.185,41879.18,867550.07,Enterobacter_cloacae
number,116.0,81.0,153.0,26.0,447.0,413.5449999999989,32.035,32.03,413.54,Enterobacter_cloacae
longest,558829.0,401287.25,803822.5,78715.0,2469589.0,1945253.63,132411.03,132411.03,1945253.63,Enterobacter_cloacae
GC_Content,0.549334,0.54696375,0.5539972500000001,0.527127,0.565723,0.561089,0.529253065,0.5293,0.5611,Enterobacter_cloacae
Completeness_Specific,100.0,100.0,100.0,99.98,100.0,100.0,100.0,90.4,100.0,Enterobacter_cloacae
Contamination,0.16,0.07,0.36,0.0,1.71,1.238249999999996,0.0,0.0,3.97,Enterobacter_cloacae
Total_Coding_Sequences,4865.5,4634.75,5071.25,4207.0,5709.0,5579.965,4333.28,4333.28,5853.0,Enterobacter_cloacae
Genome_Size,5071381.0,4922362.75,5284613.25,4512046.0,5792179.0,5656737.015,4661475.375,4661475.38,5786228.0,Enterobacter_cloacae
N50,283968.5,195061.0,430479.75,37470.0,1232998.0,746184.825,62108.875,62108.88,746184.82,Salmonella_enterica
number,70.0,55.0,91.0,13.0,367.0,191.0,31.0,31.0,191.0,Salmonella_enterica
longest,681113.5,493462.75,1013266.0,112122.0,2235275.0,1635632.3749999993,198485.525,198485.52,1635632.37,Salmonella_enterica
GC_Content,0.5214110000000001,0.520976,0.521929,0.5154030000000001,0.526652,0.5233789999999999,0.518392,0.5112,0.5238,Salmonella_enterica
Completeness_Specific,100.0,100.0,100.0,95.24,100.0,100.0,100.0,96.43,100.0,Salmonella_enterica
Contamination,0.06,0.04,0.08,0.0,0.64,0.4,0.01,0.01,7.42,Salmonella_enterica
Total_Coding_Sequences,4492.0,4422.0,4642.0,4088.0,5339.0,4979.0,4196.0,4196.0,5926.0,Salmonella_enterica
Genome_Size,4757051.0,4700637.0,4887890.25,4407848.0,5469572.0,5161887.199999999,4513905.5,4484627.0,5868736.0,Salmonella_enterica
N50,39426.5,34693.25,47055.75,9458.0,129088.0,80105.95500000069,16650.19,16650.19,80105.96,Enterococcus_faecium
number,247.0,221.0,279.0,87.0,969.0,558.135000000002,130.0,130.0,558.14,Enterococcus_faecium
longest,132792.0,114756.25,151917.0,36944.0,386612.0,244635.0,65338.165,65338.16,244635.0,Enterococcus_faecium
GC_Content,0.3768809999999999,0.376031,0.37806975,0.371557,0.3853479999999999,0.38097,0.373941,0.3739,0.3855,Enterococcus_faecium
Completeness_Specific,100.0,100.0,100.0,99.95,100.0,100.0,99.99,95.85,100.0,Enterococcus_faecium
Contamination,1.99,1.39,2.56,0.03,10.72,4.51,0.22,0.13,4.51,Enterococcus_faecium
Total_Coding_Sequences,2988.0,2918.0,3052.0,2403.0,3616.0,3302.135000000002,2552.0,2354.0,3513.0,Enterococcus_faecium
Genome_Size,3017523.5,2957734.75,3069503.25,2486522.0,3480581.0,3240994.08,2623374.31,2432228.0,3440588.0,Enterococcus_faecium
N50,411156.0,309103.0,512607.0,42720.0,1277518.0,1121152.4800000014,75806.8,75806.8,1121152.48,Klebsiella_aerogenes
number,63.0,52.0,78.0,27.0,231.0,193.44000000000003,31.56,31.56,193.44,Klebsiella_aerogenes
longest,902628.0,672311.0,1185331.0,140647.0,2429808.0,2282630.4000000013,228583.68,228583.68,2282630.4,Klebsiella_aerogenes
GC_Content,0.549948,0.54893,0.550864,0.544191,0.552768,0.55245552,0.54475136,0.5424,0.5525,Klebsiella_aerogenes
Completeness_Specific,100.0,100.0,100.0,99.29,100.0,100.0,100.0,90.9,100.0,Klebsiella_aerogenes
Contamination,0.27,0.14,0.66,0.03,3.11,2.137600000000002,0.05,0.05,9.34,Klebsiella_aerogenes
Total_Coding_Sequences,4855.0,4758.0,4974.0,4499.0,5494.0,5340.88,4597.68,4597.68,5906.0,Klebsiella_aerogenes
Genome_Size,5209980.0,5118258.0,5313671.0,4903560.0,5797496.0,5621348.600000001,4959692.04,4959692.04,5977734.0,Klebsiella_aerogenes
