species,scheme,metric,FINAL_lower,FINAL_upper,WARN_lower,WARN_upper,source,engine_severity,lower,upper,ml_lower,ml_upper,auto_lower,auto_upper,refseq_lower,refseq_upper
Bacillus altitudinis,enterobase-v2.3,Genome_Size,3000000,6000000,,,external,,3000000,6000000,,,,,,
Bacillus altitudinis,enterobase-v2.3,N50,20000,,,,external,,20000,,,,,,,
Bacillus altitudinis,enterobase-v2.3,no_of_contigs,,600,,,external,,,600,,,,,,
Bacillus anthracis,enterobase-v2.3,Genome_Size,3000000,6000000,,,external,,3000000,6000000,,,,,,
Bacillus anthracis,enterobase-v2.3,N50,20000,,,,external,,20000,,,,,,,
Bacillus anthracis,enterobase-v2.3,no_of_contigs,,600,,,external,,,600,,,,,,
Bacillus bombysepticus,enterobase-v2.3,Genome_Size,3000000,6000000,,,external,,3000000,6000000,,,,,,
Bacillus bombysepticus,enterobase-v2.3,N50,20000,,,,external,,20000,,,,,,,
Bacillus bombysepticus,enterobase-v2.3,no_of_contigs,,600,,,external,,,600,,,,,,
Bacillus cereus,enterobase-v2.3,Genome_Size,3000000,6000000,,,external,,3000000,6000000,,,,,,
Bacillus cereus,enterobase-v2.3,N50,20000,,,,external,,20000,,,,,,,
Bacillus cereus,enterobase-v2.3,no_of_contigs,,600,,,external,,,600,,,,,,
Bacillus licheniformis,enterobase-v2.3,Genome_Size,3000000,6000000,,,external,,3000000,6000000,,,,,,
Bacillus licheniformis,enterobase-v2.3,N50,20000,,,,external,,20000,,,,,,,
Bacillus licheniformis,enterobase-v2.3,no_of_contigs,,600,,,external,,,600,,,,,,
Bacillus mobilis,enterobase-v2.3,Genome_Size,3000000,6000000,,,external,,3000000,6000000,,,,,,
Bacillus mobilis,enterobase-v2.3,N50,20000,,,,external,,20000,,,,,,,
Bacillus mobilis,enterobase-v2.3,no_of_contigs,,600,,,external,,,600,,,,,,
Bacillus mycoides,enterobase-v2.3,Genome_Size,3000000,6000000,,,external,,3000000,6000000,,,,,,
Bacillus mycoides,enterobase-v2.3,N50,20000,,,,external,,20000,,,,,,,
Bacillus mycoides,enterobase-v2.3,no_of_contigs,,600,,,external,,,600,,,,,,
Bacillus paralicheniformis,enterobase-v2.3,Genome_Size,3000000,6000000,,,external,,3000000,6000000,,,,,,
Bacillus paralicheniformis,enterobase-v2.3,N50,20000,,,,external,,20000,,,,,,,
Bacillus paralicheniformis,enterobase-v2.3,no_of_contigs,,600,,,external,,,600,,,,,,
Bacillus paranthracis,enterobase-v2.3,Genome_Size,3000000,6000000,,,external,,3000000,6000000,,,,,,
Bacillus paranthracis,enterobase-v2.3,N50,20000,,,,external,,20000,,,,,,,
Bacillus paranthracis,enterobase-v2.3,no_of_contigs,,600,,,external,,,600,,,,,,
Bacillus pumilus,enterobase-v2.3,Genome_Size,3000000,6000000,,,external,,3000000,6000000,,,,,,
Bacillus pumilus,enterobase-v2.3,N50,20000,,,,external,,20000,,,,,,,
Bacillus pumilus,enterobase-v2.3,no_of_contigs,,600,,,external,,,600,,,,,,
Bacillus safensis,enterobase-v2.3,Genome_Size,3000000,6000000,,,external,,3000000,6000000,,,,,,
Bacillus safensis,enterobase-v2.3,N50,20000,,,,external,,20000,,,,,,,
Bacillus safensis,enterobase-v2.3,no_of_contigs,,600,,,external,,,600,,,,,,
Bacillus spizizenii,enterobase-v2.3,Genome_Size,3000000,6000000,,,external,,3000000,6000000,,,,,,
Bacillus spizizenii,enterobase-v2.3,N50,20000,,,,external,,20000,,,,,,,
Bacillus spizizenii,enterobase-v2.3,no_of_contigs,,600,,,external,,,600,,,,,,
Bacillus subtilis,enterobase-v2.3,Genome_Size,3000000,6000000,,,external,,3000000,6000000,,,,,,
Bacillus subtilis,enterobase-v2.3,N50,20000,,,,external,,20000,,,,,,,
Bacillus subtilis,enterobase-v2.3,no_of_contigs,,600,,,external,,,600,,,,,,
Bacillus thuringiensis,enterobase-v2.3,Genome_Size,3000000,6000000,,,external,,3000000,6000000,,,,,,
Bacillus thuringiensis,enterobase-v2.3,N50,20000,,,,external,,20000,,,,,,,
Bacillus thuringiensis,enterobase-v2.3,no_of_contigs,,600,,,external,,,600,,,,,,
Bacillus toyonensis,enterobase-v2.3,Genome_Size,3000000,6000000,,,external,,3000000,6000000,,,,,,
Bacillus toyonensis,enterobase-v2.3,N50,20000,,,,external,,20000,,,,,,,
Bacillus toyonensis,enterobase-v2.3,no_of_contigs,,600,,,external,,,600,,,,,,
Bacillus velezensis,enterobase-v2.3,Genome_Size,3000000,6000000,,,external,,3000000,6000000,,,,,,
Bacillus velezensis,enterobase-v2.3,N50,20000,,,,external,,20000,,,,,,,
Bacillus velezensis,enterobase-v2.3,no_of_contigs,,600,,,external,,,600,,,,,,
Bacillus wiedmannii,enterobase-v2.3,Genome_Size,3000000,6000000,,,external,,3000000,6000000,,,,,,
Bacillus wiedmannii,enterobase-v2.3,N50,20000,,,,external,,20000,,,,,,,
Bacillus wiedmannii,enterobase-v2.3,no_of_contigs,,600,,,external,,,600,,,,,,
Clostridium beijerinckii,enterobase-v2.3,Genome_Size,2000000,7000000,,,external,,2000000,7000000,,,,,,
Clostridium beijerinckii,enterobase-v2.3,N50,20000,,,,external,,20000,,,,,,,
Clostridium beijerinckii,enterobase-v2.3,no_of_contigs,,800,,,external,,,800,,,,,,
Clostridium botulinum,enterobase-v2.3,Genome_Size,2000000,7000000,,,external,,2000000,7000000,,,,,,
Clostridium botulinum,enterobase-v2.3,N50,20000,,,,external,,20000,,,,,,,
Clostridium botulinum,enterobase-v2.3,no_of_contigs,,800,,,external,,,800,,,,,,
Clostridium cagae,enterobase-v2.3,Genome_Size,2000000,7000000,,,external,,2000000,7000000,,,,,,
Clostridium cagae,enterobase-v2.3,N50,20000,,,,external,,20000,,,,,,,
Clostridium cagae,enterobase-v2.3,no_of_contigs,,800,,,external,,,800,,,,,,
Clostridium difficile,enterobase-v2.3,Genome_Size,2000000,7000000,,,external,,2000000,7000000,,,,,,
Clostridium difficile,enterobase-v2.3,N50,20000,,,,external,,20000,,,,,,,
Clostridium difficile,enterobase-v2.3,no_of_contigs,,800,,,external,,,800,,,,,,
Clostridium innocuum,enterobase-v2.3,Genome_Size,2000000,7000000,,,external,,2000000,7000000,,,,,,
Clostridium innocuum,enterobase-v2.3,N50,20000,,,,external,,20000,,,,,,,
Clostridium innocuum,enterobase-v2.3,no_of_contigs,,800,,,external,,,800,,,,,,
Clostridium tetani,enterobase-v2.3,Genome_Size,2000000,7000000,,,external,,2000000,7000000,,,,,,
Clostridium tetani,enterobase-v2.3,N50,20000,,,,external,,20000,,,,,,,
Clostridium tetani,enterobase-v2.3,no_of_contigs,,800,,,external,,,800,,,,,,
Escherichia albertii,enterobase-v2.3,Genome_Size,3700000,6400000,,,external,,3700000,6400000,,,,,,
Escherichia albertii,enterobase-v2.3,N50,13000,,,,external,,13000,,,,,,,
Escherichia albertii,enterobase-v2.3,no_of_contigs,,1000,,,external,,,1000,,,,,,
Escherichia coli,enterobase-v2.3,Genome_Size,3700000,6400000,,,external,,3700000,6400000,,,,,,
Escherichia coli,enterobase-v2.3,N50,13000,,,,external,,13000,,,,,,,
Escherichia coli,enterobase-v2.3,no_of_contigs,,1000,,,external,,,1000,,,,,,
Escherichia fergusonii,enterobase-v2.3,Genome_Size,3700000,6400000,,,external,,3700000,6400000,,,,,,
Escherichia fergusonii,enterobase-v2.3,N50,13000,,,,external,,13000,,,,,,,
Escherichia fergusonii,enterobase-v2.3,no_of_contigs,,1000,,,external,,,1000,,,,,,
Escherichia marmotae,enterobase-v2.3,Genome_Size,3700000,6400000,,,external,,3700000,6400000,,,,,,
Escherichia marmotae,enterobase-v2.3,N50,13000,,,,external,,13000,,,,,,,
Escherichia marmotae,enterobase-v2.3,no_of_contigs,,1000,,,external,,,1000,,,,,,
Escherichia ruysiae,enterobase-v2.3,Genome_Size,3700000,6400000,,,external,,3700000,6400000,,,,,,
Escherichia ruysiae,enterobase-v2.3,N50,13000,,,,external,,13000,,,,,,,
Escherichia ruysiae,enterobase-v2.3,no_of_contigs,,1000,,,external,,,1000,,,,,,
Helicobacter pylori,enterobase-v2.3,Genome_Size,1300000,3000000,,,external,,1300000,3000000,,,,,,
Helicobacter pylori,enterobase-v2.3,N50,10000,,,,external,,10000,,,,,,,
Helicobacter pylori,enterobase-v2.3,no_of_contigs,,600,,,external,,,600,,,,,,
Klebsiella aerogenes,enterobase-v2.3,Genome_Size,4300000,7300000,,,external,,4300000,7300000,,,,,,
Klebsiella aerogenes,enterobase-v2.3,N50,20000,,,,external,,20000,,,,,,,
Klebsiella aerogenes,enterobase-v2.3,no_of_contigs,,800,,,external,,,800,,,,,,
Klebsiella africana,enterobase-v2.3,Genome_Size,4300000,7300000,,,external,,4300000,7300000,,,,,,
Klebsiella africana,enterobase-v2.3,N50,20000,,,,external,,20000,,,,,,,
Klebsiella africana,enterobase-v2.3,no_of_contigs,,800,,,external,,,800,,,,,,
Klebsiella grimontii,enterobase-v2.3,Genome_Size,4300000,7300000,,,external,,4300000,7300000,,,,,,
Klebsiella grimontii,enterobase-v2.3,N50,20000,,,,external,,20000,,,,,,,
Klebsiella grimontii,enterobase-v2.3,no_of_contigs,,800,,,external,,,800,,,,,,
Klebsiella huaxiensis,enterobase-v2.3,Genome_Size,4300000,7300000,,,external,,4300000,7300000,,,,,,
Klebsiella huaxiensis,enterobase-v2.3,N50,20000,,,,external,,20000,,,,,,,
Klebsiella huaxiensis,enterobase-v2.3,no_of_contigs,,800,,,external,,,800,,,,,,
Klebsiella michiganensis,enterobase-v2.3,Genome_Size,4300000,7300000,,,external,,4300000,7300000,,,,,,
Klebsiella michiganensis,enterobase-v2.3,N50,20000,,,,external,,20000,,,,,,,
Klebsiella michiganensis,enterobase-v2.3,no_of_contigs,,800,,,external,,,800,,,,,,
Klebsiella ornithinolytica,enterobase-v2.3,Genome_Size,4300000,7300000,,,external,,4300000,7300000,,,,,,
Klebsiella ornithinolytica,enterobase-v2.3,N50,20000,,,,external,,20000,,,,,,,
Klebsiella ornithinolytica,enterobase-v2.3,no_of_contigs,,800,,,external,,,800,,,,,,
Klebsiella oxytoca,enterobase-v2.3,Genome_Size,4300000,7300000,,,external,,4300000,7300000,,,,,,
Klebsiella oxytoca,enterobase-v2.3,N50,20000,,,,external,,20000,,,,,,,
Klebsiella oxytoca,enterobase-v2.3,no_of_contigs,,800,,,external,,,800,,,,,,
Klebsiella pasteurii,enterobase-v2.3,Genome_Size,4300000,7300000,,,external,,4300000,7300000,,,,,,
Klebsiella pasteurii,enterobase-v2.3,N50,20000,,,,external,,20000,,,,,,,
Klebsiella pasteurii,enterobase-v2.3,no_of_contigs,,800,,,external,,,800,,,,,,
Klebsiella planticola,enterobase-v2.3,Genome_Size,4300000,7300000,,,external,,4300000,7300000,,,,,,
Klebsiella planticola,enterobase-v2.3,N50,20000,,,,external,,20000,,,,,,,
Klebsiella planticola,enterobase-v2.3,no_of_contigs,,800,,,external,,,800,,,,,,
Klebsiella pneumoniae,enterobase-v2.3,Genome_Size,4300000,7300000,,,external,,4300000,7300000,,,,,,
Klebsiella pneumoniae,enterobase-v2.3,N50,20000,,,,external,,20000,,,,,,,
Klebsiella pneumoniae,enterobase-v2.3,no_of_contigs,,800,,,external,,,800,,,,,,
Klebsiella quasipneumoniae,enterobase-v2.3,Genome_Size,4300000,7300000,,,external,,4300000,7300000,,,,,,
Klebsiella quasipneumoniae,enterobase-v2.3,N50,20000,,,,external,,20000,,,,,,,
Klebsiella quasipneumoniae,enterobase-v2.3,no_of_contigs,,800,,,external,,,800,,,,,,
Klebsiella quasivariicola,enterobase-v2.3,Genome_Size,4300000,7300000,,,external,,4300000,7300000,,,,,,
Klebsiella quasivariicola,enterobase-v2.3,N50,20000,,,,external,,20000,,,,,,,
Klebsiella quasivariicola,enterobase-v2.3,no_of_contigs,,800,,,external,,,800,,,,,,
Klebsiella spallanzanii,enterobase-v2.3,Genome_Size,4300000,7300000,,,external,,4300000,7300000,,,,,,
Klebsiella spallanzanii,enterobase-v2.3,N50,20000,,,,external,,20000,,,,,,,
Klebsiella spallanzanii,enterobase-v2.3,no_of_contigs,,800,,,external,,,800,,,,,,
Klebsiella variicola,enterobase-v2.3,Genome_Size,4300000,7300000,,,external,,4300000,7300000,,,,,,
Klebsiella variicola,enterobase-v2.3,N50,20000,,,,external,,20000,,,,,,,
Klebsiella variicola,enterobase-v2.3,no_of_contigs,,800,,,external,,,800,,,,,,
Listeria grayi,enterobase-v2.3,Genome_Size,2500000,3300000,,,external,,2500000,3300000,,,,,,
Listeria grayi,enterobase-v2.3,N50,20000,,,,external,,20000,,,,,,,
Listeria grayi,enterobase-v2.3,no_of_contigs,,600,,,external,,,600,,,,,,
Listeria innocua,enterobase-v2.3,Genome_Size,2500000,3300000,,,external,,2500000,3300000,,,,,,
Listeria innocua,enterobase-v2.3,N50,20000,,,,external,,20000,,,,,,,
Listeria innocua,enterobase-v2.3,no_of_contigs,,600,,,external,,,600,,,,,,
Listeria monocytogenes,enterobase-v2.3,Genome_Size,2500000,3300000,,,external,,2500000,3300000,,,,,,
Listeria monocytogenes,enterobase-v2.3,N50,20000,,,,external,,20000,,,,,,,
Listeria monocytogenes,enterobase-v2.3,no_of_contigs,,600,,,external,,,600,,,,,,
Listeria seeligeri,enterobase-v2.3,Genome_Size,2500000,3300000,,,external,,2500000,3300000,,,,,,
Listeria seeligeri,enterobase-v2.3,N50,20000,,,,external,,20000,,,,,,,
Listeria seeligeri,enterobase-v2.3,no_of_contigs,,600,,,external,,,600,,,,,,
Listeria welshimeri,enterobase-v2.3,Genome_Size,2500000,3300000,,,external,,2500000,3300000,,,,,,
Listeria welshimeri,enterobase-v2.3,N50,20000,,,,external,,20000,,,,,,,
Listeria welshimeri,enterobase-v2.3,no_of_contigs,,600,,,external,,,600,,,,,,
Moraxella bovoculi,enterobase-v2.3,Genome_Size,1800000,2600000,,,external,,1800000,2600000,,,,,,
Moraxella bovoculi,enterobase-v2.3,N50,20000,,,,external,,20000,,,,,,,
Moraxella bovoculi,enterobase-v2.3,no_of_contigs,,600,,,external,,,600,,,,,,
Moraxella catarrhalis,enterobase-v2.3,Genome_Size,1800000,2600000,,,external,,1800000,2600000,,,,,,
Moraxella catarrhalis,enterobase-v2.3,N50,20000,,,,external,,20000,,,,,,,
Moraxella catarrhalis,enterobase-v2.3,no_of_contigs,,600,,,external,,,600,,,,,,
Mycobacterium abscessus,enterobase-v2.3,Genome_Size,3000000,7000000,,,external,,3000000,7000000,,,,,,
Mycobacterium abscessus,enterobase-v2.3,N50,15000,,,,external,,15000,,,,,,,
Mycobacterium abscessus,enterobase-v2.3,no_of_contigs,,600,,,external,,,600,,,,,,
Mycobacterium avium,enterobase-v2.3,Genome_Size,3000000,7000000,,,external,,3000000,7000000,,,,,,
Mycobacterium avium,enterobase-v2.3,N50,15000,,,,external,,15000,,,,,,,
Mycobacterium avium,enterobase-v2.3,no_of_contigs,,600,,,external,,,600,,,,,,
Mycobacterium chelonae,enterobase-v2.3,Genome_Size,3000000,7000000,,,external,,3000000,7000000,,,,,,
Mycobacterium chelonae,enterobase-v2.3,N50,15000,,,,external,,15000,,,,,,,
Mycobacterium chelonae,enterobase-v2.3,no_of_contigs,,600,,,external,,,600,,,,,,
Mycobacterium intracellulare,enterobase-v2.3,Genome_Size,3000000,7000000,,,external,,3000000,7000000,,,,,,
Mycobacterium intracellulare,enterobase-v2.3,N50,15000,,,,external,,15000,,,,,,,
Mycobacterium intracellulare,enterobase-v2.3,no_of_contigs,,600,,,external,,,600,,,,,,
Mycobacterium kansasii,enterobase-v2.3,Genome_Size,3000000,7000000,,,external,,3000000,7000000,,,,,,
Mycobacterium kansasii,enterobase-v2.3,N50,15000,,,,external,,15000,,,,,,,
Mycobacterium kansasii,enterobase-v2.3,no_of_contigs,,600,,,external,,,600,,,,,,
Mycobacterium marinum,enterobase-v2.3,Genome_Size,3000000,7000000,,,external,,3000000,7000000,,,,,,
Mycobacterium marinum,enterobase-v2.3,N50,15000,,,,external,,15000,,,,,,,
Mycobacterium marinum,enterobase-v2.3,no_of_contigs,,600,,,external,,,600,,,,,,
Mycobacterium smegmatis,enterobase-v2.3,Genome_Size,3000000,7000000,,,external,,3000000,7000000,,,,,,
Mycobacterium smegmatis,enterobase-v2.3,N50,15000,,,,external,,15000,,,,,,,
Mycobacterium smegmatis,enterobase-v2.3,no_of_contigs,,600,,,external,,,600,,,,,,
Mycobacterium tuberculosis,enterobase-v2.3,Genome_Size,3000000,7000000,,,external,,3000000,7000000,,,,,,
Mycobacterium tuberculosis,enterobase-v2.3,N50,15000,,,,external,,15000,,,,,,,
Mycobacterium tuberculosis,enterobase-v2.3,no_of_contigs,,600,,,external,,,600,,,,,,
Mycobacterium xenopi,enterobase-v2.3,Genome_Size,3000000,7000000,,,external,,3000000,7000000,,,,,,
Mycobacterium xenopi,enterobase-v2.3,N50,15000,,,,external,,15000,,,,,,,
Mycobacterium xenopi,enterobase-v2.3,no_of_contigs,,600,,,external,,,600,,,,,,
Neisseria bergeri,enterobase-v2.3,Genome_Size,1800000,2400000,,,external,,1800000,2400000,,,,,,
Neisseria bergeri,enterobase-v2.3,N50,20000,,,,external,,20000,,,,,,,
Neisseria bergeri,enterobase-v2.3,no_of_contigs,,500,,,external,,,500,,,,,,
Neisseria flavescens,enterobase-v2.3,Genome_Size,1800000,2400000,,,external,,1800000,2400000,,,,,,
Neisseria flavescens,enterobase-v2.3,N50,20000,,,,external,,20000,,,,,,,
Neisseria flavescens,enterobase-v2.3,no_of_contigs,,500,,,external,,,500,,,,,,
Neisseria gonorrhoeae,enterobase-v2.3,Genome_Size,1800000,2400000,,,external,,1800000,2400000,,,,,,
Neisseria gonorrhoeae,enterobase-v2.3,N50,20000,,,,external,,20000,,,,,,,
Neisseria gonorrhoeae,enterobase-v2.3,no_of_contigs,,500,,,external,,,500,,,,,,
Neisseria lactamica,enterobase-v2.3,Genome_Size,1800000,2400000,,,external,,1800000,2400000,,,,,,
Neisseria lactamica,enterobase-v2.3,N50,20000,,,,external,,20000,,,,,,,
Neisseria lactamica,enterobase-v2.3,no_of_contigs,,500,,,external,,,500,,,,,,
Neisseria meningitidis,enterobase-v2.3,Genome_Size,1800000,2400000,,,external,,1800000,2400000,,,,,,
Neisseria meningitidis,enterobase-v2.3,N50,20000,,,,external,,20000,,,,,,,
Neisseria meningitidis,enterobase-v2.3,no_of_contigs,,500,,,external,,,500,,,,,,
Neisseria perflava,enterobase-v2.3,Genome_Size,1800000,2400000,,,external,,1800000,2400000,,,,,,
Neisseria perflava,enterobase-v2.3,N50,20000,,,,external,,20000,,,,,,,
Neisseria perflava,enterobase-v2.3,no_of_contigs,,500,,,external,,,500,,,,,,
Neisseria polysaccharea,enterobase-v2.3,Genome_Size,1800000,2400000,,,external,,1800000,2400000,,,,,,
Neisseria polysaccharea,enterobase-v2.3,N50,20000,,,,external,,20000,,,,,,,
Neisseria polysaccharea,enterobase-v2.3,no_of_contigs,,500,,,external,,,500,,,,,,
Pseudomonas aeruginosa,enterobase-v2.3,Genome_Size,5500000,7500000,,,external,,5500000,7500000,,,,,,
Pseudomonas aeruginosa,enterobase-v2.3,N50,15000,,,,external,,15000,,,,,,,
Pseudomonas aeruginosa,enterobase-v2.3,no_of_contigs,,800,,,external,,,800,,,,,,
Pseudomonas alloputida,enterobase-v2.3,Genome_Size,5500000,7500000,,,external,,5500000,7500000,,,,,,
Pseudomonas alloputida,enterobase-v2.3,N50,15000,,,,external,,15000,,,,,,,
Pseudomonas alloputida,enterobase-v2.3,no_of_contigs,,800,,,external,,,800,,,,,,
Pseudomonas asiatica,enterobase-v2.3,Genome_Size,5500000,7500000,,,external,,5500000,7500000,,,,,,
Pseudomonas asiatica,enterobase-v2.3,N50,15000,,,,external,,15000,,,,,,,
Pseudomonas asiatica,enterobase-v2.3,no_of_contigs,,800,,,external,,,800,,,,,,
Pseudomonas avellanae,enterobase-v2.3,Genome_Size,5500000,7500000,,,external,,5500000,7500000,,,,,,
Pseudomonas avellanae,enterobase-v2.3,N50,15000,,,,external,,15000,,,,,,,
Pseudomonas avellanae,enterobase-v2.3,no_of_contigs,,800,,,external,,,800,,,,,,
Pseudomonas fluorescens,enterobase-v2.3,Genome_Size,5500000,7500000,,,external,,5500000,7500000,,,,,,
Pseudomonas fluorescens,enterobase-v2.3,N50,15000,,,,external,,15000,,,,,,,
Pseudomonas fluorescens,enterobase-v2.3,no_of_contigs,,800,,,external,,,800,,,,,,
Pseudomonas fulva,enterobase-v2.3,Genome_Size,5500000,7500000,,,external,,5500000,7500000,,,,,,
Pseudomonas fulva,enterobase-v2.3,N50,15000,,,,external,,15000,,,,,,,
Pseudomonas fulva,enterobase-v2.3,no_of_contigs,,800,,,external,,,800,,,,,,
Pseudomonas glycinae,enterobase-v2.3,Genome_Size,5500000,7500000,,,external,,5500000,7500000,,,,,,
Pseudomonas glycinae,enterobase-v2.3,N50,15000,,,,external,,15000,,,,,,,
Pseudomonas glycinae,enterobase-v2.3,no_of_contigs,,800,,,external,,,800,,,,,,
Pseudomonas juntendi,enterobase-v2.3,Genome_Size,5500000,7500000,,,external,,5500000,7500000,,,,,,
Pseudomonas juntendi,enterobase-v2.3,N50,15000,,,,external,,15000,,,,,,,
Pseudomonas juntendi,enterobase-v2.3,no_of_contigs,,800,,,external,,,800,,,,,,
Pseudomonas marginalis,enterobase-v2.3,Genome_Size,5500000,7500000,,,external,,5500000,7500000,,,,,,
Pseudomonas marginalis,enterobase-v2.3,N50,15000,,,,external,,15000,,,,,,,
Pseudomonas marginalis,enterobase-v2.3,no_of_contigs,,800,,,external,,,800,,,,,,
Pseudomonas monteilii,enterobase-v2.3,Genome_Size,5500000,7500000,,,external,,5500000,7500000,,,,,,
Pseudomonas monteilii,enterobase-v2.3,N50,15000,,,,external,,15000,,,,,,,
Pseudomonas monteilii,enterobase-v2.3,no_of_contigs,,800,,,external,,,800,,,,,,
Pseudomonas paracarnis,enterobase-v2.3,Genome_Size,5500000,7500000,,,external,,5500000,7500000,,,,,,
Pseudomonas paracarnis,enterobase-v2.3,N50,15000,,,,external,,15000,,,,,,,
Pseudomonas paracarnis,enterobase-v2.3,no_of_contigs,,800,,,external,,,800,,,,,,
Pseudomonas protegens,enterobase-v2.3,Genome_Size,5500000,7500000,,,external,,5500000,7500000,,,,,,
Pseudomonas protegens,enterobase-v2.3,N50,15000,,,,external,,15000,,,,,,,
Pseudomonas protegens,enterobase-v2.3,no_of_contigs,,800,,,external,,,800,,,,,,
Pseudomonas putida,enterobase-v2.3,Genome_Size,5500000,7500000,,,external,,5500000,7500000,,,,,,
Pseudomonas putida,enterobase-v2.3,N50,15000,,,,external,,15000,,,,,,,
Pseudomonas putida,enterobase-v2.3,no_of_contigs,,800,,,external,,,800,,,,,,
Pseudomonas syringae,enterobase-v2.3,Genome_Size,5500000,7500000,,,external,,5500000,7500000,,,,,,
Pseudomonas syringae,enterobase-v2.3,N50,15000,,,,external,,15000,,,,,,,
Pseudomonas syringae,enterobase-v2.3,no_of_contigs,,800,,,external,,,800,,,,,,
Salmonella arizonae,enterobase-v2.3,Genome_Size,4000000,5800000,,,external,,4000000,5800000,,,,,,
Salmonella arizonae,enterobase-v2.3,N50,20000,,,,external,,20000,,,,,,,
Salmonella arizonae,enterobase-v2.3,no_of_contigs,,600,,,external,,,600,,,,,,
Salmonella bongori,enterobase-v2.3,Genome_Size,4000000,5800000,,,external,,4000000,5800000,,,,,,
Salmonella bongori,enterobase-v2.3,N50,20000,,,,external,,20000,,,,,,,
Salmonella bongori,enterobase-v2.3,no_of_contigs,,600,,,external,,,600,,,,,,
Salmonella enterica,enterobase-v2.3,Genome_Size,4000000,5800000,,,external,,4000000,5800000,,,,,,
Salmonella enterica,enterobase-v2.3,N50,20000,,,,external,,20000,,,,,,,
Salmonella enterica,enterobase-v2.3,no_of_contigs,,600,,,external,,,600,,,,,,
Streptococcus agalactiae,enterobase-v2.3,Genome_Size,1500000,2600000,,,external,,1500000,2600000,,,,,,
Streptococcus agalactiae,enterobase-v2.3,N50,20000,,,,external,,20000,,,,,,,
Streptococcus agalactiae,enterobase-v2.3,no_of_contigs,,600,,,external,,,600,,,,,,
Streptococcus anginosus,enterobase-v2.3,Genome_Size,1500000,2600000,,,external,,1500000,2600000,,,,,,
Streptococcus anginosus,enterobase-v2.3,N50,20000,,,,external,,20000,,,,,,,
Streptococcus anginosus,enterobase-v2.3,no_of_contigs,,600,,,external,,,600,,,,,,
Streptococcus canis,enterobase-v2.3,Genome_Size,1500000,2600000,,,external,,1500000,2600000,,,,,,
Streptococcus canis,enterobase-v2.3,N50,20000,,,,external,,20000,,,,,,,
Streptococcus canis,enterobase-v2.3,no_of_contigs,,600,,,external,,,600,,,,,,
Streptococcus dysgalactiae,enterobase-v2.3,Genome_Size,1500000,2600000,,,external,,1500000,2600000,,,,,,
Streptococcus dysgalactiae,enterobase-v2.3,N50,20000,,,,external,,20000,,,,,,,
Streptococcus dysgalactiae,enterobase-v2.3,no_of_contigs,,600,,,external,,,600,,,,,,
Streptococcus equi,enterobase-v2.3,Genome_Size,1500000,2600000,,,external,,1500000,2600000,,,,,,
Streptococcus equi,enterobase-v2.3,N50,20000,,,,external,,20000,,,,,,,
Streptococcus equi,enterobase-v2.3,no_of_contigs,,600,,,external,,,600,,,,,,
Streptococcus gordonii,enterobase-v2.3,Genome_Size,1500000,2600000,,,external,,1500000,2600000,,,,,,
Streptococcus gordonii,enterobase-v2.3,N50,20000,,,,external,,20000,,,,,,,
Streptococcus gordonii,enterobase-v2.3,no_of_contigs,,600,,,external,,,600,,,,,,
Streptococcus mitis,enterobase-v2.3,Genome_Size,1500000,2600000,,,external,,1500000,2600000,,,,,,
Streptococcus mitis,enterobase-v2.3,N50,20000,,,,external,,20000,,,,,,,
Streptococcus mitis,enterobase-v2.3,no_of_contigs,,600,,,external,,,600,,,,,,
Streptococcus mutans,enterobase-v2.3,Genome_Size,1500000,2600000,,,external,,1500000,2600000,,,,,,
Streptococcus mutans,enterobase-v2.3,N50,20000,,,,external,,20000,,,,,,,
Streptococcus mutans,enterobase-v2.3,no_of_contigs,,600,,,external,,,600,,,,,,
Streptococcus oralis,enterobase-v2.3,Genome_Size,1500000,2600000,,,external,,1500000,2600000,,,,,,
Streptococcus oralis,enterobase-v2.3,N50,20000,,,,external,,20000,,,,,,,
Streptococcus oralis,enterobase-v2.3,no_of_contigs,,600,,,external,,,600,,,,,,
Streptococcus parasanguinis,enterobase-v2.3,Genome_Size,1500000,2600000,,,external,,1500000,2600000,,,,,,
Streptococcus parasanguinis,enterobase-v2.3,N50,20000,,,,external,,20000,,,,,,,
Streptococcus parasanguinis,enterobase-v2.3,no_of_contigs,,600,,,external,,,600,,,,,,
Streptococcus pneumoniae,enterobase-v2.3,Genome_Size,1500000,2600000,,,external,,1500000,2600000,,,,,,
Streptococcus pneumoniae,enterobase-v2.3,N50,20000,,,,external,,20000,,,,,,,
Streptococcus pneumoniae,enterobase-v2.3,no_of_contigs,,600,,,external,,,600,,,,,,
Streptococcus pseudopneumoniae,enterobase-v2.3,Genome_Size,1500000,2600000,,,external,,1500000,2600000,,,,,,
Streptococcus pseudopneumoniae,enterobase-v2.3,N50,20000,,,,external,,20000,,,,,,,
Streptococcus pseudopneumoniae,enterobase-v2.3,no_of_contigs,,600,,,external,,,600,,,,,,
Streptococcus pyogenes,enterobase-v2.3,Genome_Size,1500000,2600000,,,external,,1500000,2600000,,,,,,
Streptococcus pyogenes,enterobase-v2.3,N50,20000,,,,external,,20000,,,,,,,
Streptococcus pyogenes,enterobase-v2.3,no_of_contigs,,600,,,external,,,600,,,,,,
Streptococcus salivarius,enterobase-v2.3,Genome_Size,1500000,2600000,,,external,,1500000,2600000,,,,,,
Streptococcus salivarius,enterobase-v2.3,N50,20000,,,,external,,20000,,,,,,,
Streptococcus salivarius,enterobase-v2.3,no_of_contigs,,600,,,external,,,600,,,,,,
Streptococcus suis,enterobase-v2.3,Genome_Size,1500000,2600000,,,external,,1500000,2600000,,,,,,
Streptococcus suis,enterobase-v2.3,N50,20000,,,,external,,20000,,,,,,,
Streptococcus suis,enterobase-v2.3,no_of_contigs,,600,,,external,,,600,,,,,,
Streptococcus uberis,enterobase-v2.3,Genome_Size,1500000,2600000,,,external,,1500000,2600000,,,,,,
Streptococcus uberis,enterobase-v2.3,N50,20000,,,,external,,20000,,,,,,,
Streptococcus uberis,enterobase-v2.3,no_of_contigs,,600,,,external,,,600,,,,,,
Treponema pallidum,enterobase-v2.3,Genome_Size,900000,5000000,,,external,,900000,5000000,,,,,,
Treponema pallidum,enterobase-v2.3,N50,20000,,,,external,,20000,,,,,,,
Treponema pallidum,enterobase-v2.3,no_of_contigs,,600,,,external,,,600,,,,,,
Vibrio alginolyticus,enterobase-v2.3,Genome_Size,3000000,5900000,,,external,,3000000,5900000,,,,,,
Vibrio alginolyticus,enterobase-v2.3,N50,20000,,,,external,,20000,,,,,,,
Vibrio alginolyticus,enterobase-v2.3,no_of_contigs,,700,,,external,,,700,,,,,,
Vibrio anguillarum,enterobase-v2.3,Genome_Size,3000000,5900000,,,external,,3000000,5900000,,,,,,
Vibrio anguillarum,enterobase-v2.3,N50,20000,,,,external,,20000,,,,,,,
Vibrio anguillarum,enterobase-v2.3,no_of_contigs,,700,,,external,,,700,,,,,,
Vibrio cholerae,enterobase-v2.3,Genome_Size,3000000,5900000,,,external,,3000000,5900000,,,,,,
Vibrio cholerae,enterobase-v2.3,N50,20000,,,,external,,20000,,,,,,,
Vibrio cholerae,enterobase-v2.3,no_of_contigs,,700,,,external,,,700,,,,,,
Vibrio diabolicus,enterobase-v2.3,Genome_Size,3000000,5900000,,,external,,3000000,5900000,,,,,,
Vibrio diabolicus,enterobase-v2.3,N50,20000,,,,external,,20000,,,,,,,
Vibrio diabolicus,enterobase-v2.3,no_of_contigs,,700,,,external,,,700,,,,,,
Vibrio fluvialis,enterobase-v2.3,Genome_Size,3000000,5900000,,,external,,3000000,5900000,,,,,,
Vibrio fluvialis,enterobase-v2.3,N50,20000,,,,external,,20000,,,,,,,
Vibrio fluvialis,enterobase-v2.3,no_of_contigs,,700,,,external,,,700,,,,,,
Vibrio mediterranei,enterobase-v2.3,Genome_Size,3000000,5900000,,,external,,3000000,5900000,,,,,,
Vibrio mediterranei,enterobase-v2.3,N50,20000,,,,external,,20000,,,,,,,
Vibrio mediterranei,enterobase-v2.3,no_of_contigs,,700,,,external,,,700,,,,,,
Vibrio metschnikovii,enterobase-v2.3,Genome_Size,3000000,5900000,,,external,,3000000,5900000,,,,,,
Vibrio metschnikovii,enterobase-v2.3,N50,20000,,,,external,,20000,,,,,,,
Vibrio metschnikovii,enterobase-v2.3,no_of_contigs,,700,,,external,,,700,,,,,,
Vibrio parahaemolyticus,enterobase-v2.3,Genome_Size,3000000,5900000,,,external,,3000000,5900000,,,,,,
Vibrio parahaemolyticus,enterobase-v2.3,N50,20000,,,,external,,20000,,,,,,,
Vibrio parahaemolyticus,enterobase-v2.3,no_of_contigs,,700,,,external,,,700,,,,,,
Vibrio vulnificus,enterobase-v2.3,Genome_Size,3000000,5900000,,,external,,3000000,5900000,,,,,,
Vibrio vulnificus,enterobase-v2.3,N50,20000,,,,external,,20000,,,,,,,
Vibrio vulnificus,enterobase-v2.3,no_of_contigs,,700,,,external,,,700,,,,,,
Xanthomonas arboricola,enterobase-v2.3,Genome_Size,2300000,6000000,,,external,,2300000,6000000,,,,,,
Xanthomonas arboricola,enterobase-v2.3,N50,15000,,,,external,,15000,,,,,,,
Xanthomonas arboricola,enterobase-v2.3,no_of_contigs,,800,,,external,,,800,,,,,,
Xanthomonas campestris,enterobase-v2.3,Genome_Size,2300000,6000000,,,external,,2300000,6000000,,,,,,
Xanthomonas campestris,enterobase-v2.3,N50,15000,,,,external,,15000,,,,,,,
Xanthomonas campestris,enterobase-v2.3,no_of_contigs,,800,,,external,,,800,,,,,,
Xanthomonas cissicola,enterobase-v2.3,Genome_Size,2300000,6000000,,,external,,2300000,6000000,,,,,,
Xanthomonas cissicola,enterobase-v2.3,N50,15000,,,,external,,15000,,,,,,,
Xanthomonas cissicola,enterobase-v2.3,no_of_contigs,,800,,,external,,,800,,,,,,
Xanthomonas euvesicatoria,enterobase-v2.3,Genome_Size,2300000,6000000,,,external,,2300000,6000000,,,,,,
Xanthomonas euvesicatoria,enterobase-v2.3,N50,15000,,,,external,,15000,,,,,,,
Xanthomonas euvesicatoria,enterobase-v2.3,no_of_contigs,,800,,,external,,,800,,,,,,
Xanthomonas hortorum,enterobase-v2.3,Genome_Size,2300000,6000000,,,external,,2300000,6000000,,,,,,
Xanthomonas hortorum,enterobase-v2.3,N50,15000,,,,external,,15000,,,,,,,
Xanthomonas hortorum,enterobase-v2.3,no_of_contigs,,800,,,external,,,800,,,,,,
Xanthomonas oryzae,enterobase-v2.3,Genome_Size,2300000,6000000,,,external,,2300000,6000000,,,,,,
Xanthomonas oryzae,enterobase-v2.3,N50,15000,,,,external,,15000,,,,,,,
Xanthomonas oryzae,enterobase-v2.3,no_of_contigs,,800,,,external,,,800,,,,,,
Xylella fastidiosa,enterobase-v2.3,Genome_Size,2300000,6000000,,,external,,2300000,6000000,,,,,,
Xylella fastidiosa,enterobase-v2.3,N50,15000,,,,external,,15000,,,,,,,
Xylella fastidiosa,enterobase-v2.3,no_of_contigs,,800,,,external,,,800,,,,,,
Yersinia enterocolitica,enterobase-v2.3,Genome_Size,3700000,5500000,,,external,,3700000,5500000,,,,,,
Yersinia enterocolitica,enterobase-v2.3,N50,15000,,,,external,,15000,,,,,,,
Yersinia enterocolitica,enterobase-v2.3,no_of_contigs,,600,,,external,,,600,,,,,,
Yersinia intermedia,enterobase-v2.3,Genome_Size,3700000,5500000,,,external,,3700000,5500000,,,,,,
Yersinia intermedia,enterobase-v2.3,N50,15000,,,,external,,15000,,,,,,,
Yersinia intermedia,enterobase-v2.3,no_of_contigs,,600,,,external,,,600,,,,,,
Yersinia pestis,enterobase-v2.3,Genome_Size,3700000,5500000,,,external,,3700000,5500000,,,,,,
Yersinia pestis,enterobase-v2.3,N50,15000,,,,external,,15000,,,,,,,
Yersinia pestis,enterobase-v2.3,no_of_contigs,,600,,,external,,,600,,,,,,
Yersinia ruckeri,enterobase-v2.3,Genome_Size,3700000,5500000,,,external,,3700000,5500000,,,,,,
Yersinia ruckeri,enterobase-v2.3,N50,15000,,,,external,,15000,,,,,,,
Yersinia ruckeri,enterobase-v2.3,no_of_contigs,,600,,,external,,,600,,,,,,
